#============================
#
# MODTRAN options as follows:
#
# Atmospheric model: 1 (Tropical atmosphere)
# Haze: 10 (DESERT extinction, VIS is wind speed dependent)
# Season: 0
# Vulcanic dust: 0
# Zenith angle:  0.00 deg
# End altitude: 4.400 km
# Ground altitude: 4.400 km
#
#============================

# H2= 4.400, H1=    4.450     4.600     4.700     4.800     5.000     5.200     5.500     6.000     6.500     7.000     8.000     9.000    10.000    11.000    12.000    13.000    14.000    15.000    16.000    18.000    20.000    22.000    24.000    26.000    28.000    30.000    32.500    35.000    37.500    40.000    45.000    50.000    60.000    70.000    80.000    100.000 
        200       1.186919  1.683946  2.445348  3.083690  4.196776  5.189284  6.547288  8.579069 10.637457  99999.00  99999.00  99999.00  99999.00  99999.00  99999.00  99999.00  99999.00  99999.00  99999.00  99999.00  99999.00  99999.00  99999.00  99999.00  99999.00  99999.00  99999.00  99999.00  99999.00  99999.00  99999.00  99999.00  99999.00  99999.00  99999.00  99999.00
        201       0.311805  0.545776  0.981043  1.395464  2.188257  2.946104  4.035887  5.743980  7.317228  8.888257  99999.00  99999.00  99999.00  99999.00  99999.00  99999.00  99999.00  99999.00  99999.00  99999.00  99999.00  99999.00  99999.00  99999.00  99999.00  99999.00  99999.00  99999.00  99999.00  99999.00  99999.00  99999.00  99999.00  99999.00  99999.00  99999.00
        202       0.199023  0.396431  0.786584  1.170760  1.922096  2.651345  3.709082  5.381699  6.907755  8.517193  99999.00  99999.00  99999.00  99999.00  99999.00  99999.00  99999.00  99999.00  99999.00  99999.00  99999.00  99999.00  99999.00  99999.00  99999.00  99999.00  99999.00  99999.00  99999.00  99999.00  99999.00  99999.00  99999.00  99999.00  99999.00  99999.00
        203       0.198685  0.395749  0.785222  1.168711  1.918726  2.646600  3.702854  5.375948  6.907755  8.517193  99999.00  99999.00  99999.00  99999.00  99999.00  99999.00  99999.00  99999.00  99999.00  99999.00  99999.00  99999.00  99999.00  99999.00  99999.00  99999.00  99999.00  99999.00  99999.00  99999.00  99999.00  99999.00  99999.00  99999.00  99999.00  99999.00
        204       0.197777  0.393944  0.781630  1.163376  1.909925  2.634434  3.686075  5.349835  6.907755  8.517193  99999.00  99999.00  99999.00  99999.00  99999.00  99999.00  99999.00  99999.00  99999.00  99999.00  99999.00  99999.00  99999.00  99999.00  99999.00  99999.00  99999.00  99999.00  99999.00  99999.00  99999.00  99999.00  99999.00  99999.00  99999.00  99999.00
        205       0.196410  0.391232  0.776239  1.155335  1.896690  2.616126  3.660211  5.312585  6.860951  8.381061  99999.00  99999.00  99999.00  99999.00  99999.00  99999.00  99999.00  99999.00  99999.00  99999.00  99999.00  99999.00  99999.00  99999.00  99999.00  99999.00  99999.00  99999.00  99999.00  99999.00  99999.00  99999.00  99999.00  99999.00  99999.00  99999.00
        206       0.194499  0.387413  0.768683  1.144013  1.878138  2.590551  3.624368  5.260325  6.797090  8.111728  99999.00  99999.00  99999.00  99999.00  99999.00  99999.00  99999.00  99999.00  99999.00  99999.00  99999.00  99999.00  99999.00  99999.00  99999.00  99999.00  99999.00  99999.00  99999.00  99999.00  99999.00  99999.00  99999.00  99999.00  99999.00  99999.00
        207       0.192111  0.382652  0.759231  1.129948  1.854963  2.558544  3.579518  5.194741  6.705702  8.111728  99999.00  99999.00  99999.00  99999.00  99999.00  99999.00  99999.00  99999.00  99999.00  99999.00  99999.00  99999.00  99999.00  99999.00  99999.00  99999.00  99999.00  99999.00  99999.00  99999.00  99999.00  99999.00  99999.00  99999.00  99999.00  99999.00
        208       0.189328  0.377100  0.748219  1.113569  1.828013  2.521228  3.527352  5.118899  6.610876  8.069168  99999.00  99999.00  99999.00  99999.00  99999.00  99999.00  99999.00  99999.00  99999.00  99999.00  99999.00  99999.00  99999.00  99999.00  99999.00  99999.00  99999.00  99999.00  99999.00  99999.00  99999.00  99999.00  99999.00  99999.00  99999.00  99999.00
        209       0.186039  0.370541  0.735184  1.094164  1.796056  2.477146  3.465527  5.029286  6.492196  7.824046  99999.00  99999.00  99999.00  99999.00  99999.00  99999.00  99999.00  99999.00  99999.00  99999.00  99999.00  99999.00  99999.00  99999.00  99999.00  99999.00  99999.00  99999.00  99999.00  99999.00  99999.00  99999.00  99999.00  99999.00  99999.00  99999.00
        210       0.182423  0.363345  0.720852  1.072808  1.760946  2.428753  3.397537  4.930285  6.368018  7.718685  99999.00  99999.00  99999.00  99999.00  99999.00  99999.00  99999.00  99999.00  99999.00  99999.00  99999.00  99999.00  99999.00  99999.00  99999.00  99999.00  99999.00  99999.00  99999.00  99999.00  99999.00  99999.00  99999.00  99999.00  99999.00  99999.00
        211       0.178423  0.355368  0.705022  1.049175  1.722121  2.374965  3.322509  4.821669  6.224658  7.544732 10.183790  99999.00  99999.00  99999.00  99999.00  99999.00  99999.00  99999.00  99999.00  99999.00  99999.00  99999.00  99999.00  99999.00  99999.00  99999.00  99999.00  99999.00  99999.00  99999.00  99999.00  99999.00  99999.00  99999.00  99999.00  99999.00
        212       0.174129  0.346815  0.688010  1.023863  1.680470  2.317445  3.241865  4.704739  6.074846  7.356175  9.210340  99999.00  99999.00  99999.00  99999.00  99999.00  99999.00  99999.00  99999.00  99999.00  99999.00  99999.00  99999.00  99999.00  99999.00  99999.00  99999.00  99999.00  99999.00  99999.00  99999.00  99999.00  99999.00  99999.00  99999.00  99999.00
        213       0.169587  0.337754  0.670017  0.997088  1.636470  2.256634  3.156648  4.581143  5.916188  7.174447  9.210340  99999.00  99999.00  99999.00  99999.00  99999.00  99999.00  99999.00  99999.00  99999.00  99999.00  99999.00  99999.00  99999.00  99999.00  99999.00  99999.00  99999.00  99999.00  99999.00  99999.00  99999.00  99999.00  99999.00  99999.00  99999.00
        214       0.164803  0.328226  0.651086  0.968870  1.590034  2.192543  3.067203  4.451152  5.748245  6.962727  9.210340  99999.00  99999.00  99999.00  99999.00  99999.00  99999.00  99999.00  99999.00  99999.00  99999.00  99999.00  99999.00  99999.00  99999.00  99999.00  99999.00  99999.00  99999.00  99999.00  99999.00  99999.00  99999.00  99999.00  99999.00  99999.00
        215       0.159885  0.318403  0.631580  0.939797  1.542279  2.126543  2.974517  4.317023  5.575819  6.750950  9.039715  99999.00  99999.00  99999.00  99999.00  99999.00  99999.00  99999.00  99999.00  99999.00  99999.00  99999.00  99999.00  99999.00  99999.00  99999.00  99999.00  99999.00  99999.00  99999.00  99999.00  99999.00  99999.00  99999.00  99999.00  99999.00
        216       0.154738  0.308179  0.611271  0.909546  1.492534  2.057744  2.878508  4.177625  5.394931  6.536994  8.517193  99999.00  99999.00  99999.00  99999.00  99999.00  99999.00  99999.00  99999.00  99999.00  99999.00  99999.00  99999.00  99999.00  99999.00  99999.00  99999.00  99999.00  99999.00  99999.00  99999.00  99999.00  99999.00  99999.00  99999.00  99999.00
        217       0.149531  0.297787  0.590634  0.878811  1.441998  1.988087  2.780698  4.035941  5.212577  6.316008  8.332889  99999.00  99999.00  99999.00  99999.00  99999.00  99999.00  99999.00  99999.00  99999.00  99999.00  99999.00  99999.00  99999.00  99999.00  99999.00  99999.00  99999.00  99999.00  99999.00  99999.00  99999.00  99999.00  99999.00  99999.00  99999.00
        218       0.144266  0.287298  0.569788  0.847765  1.390886  1.917663  2.682243  3.892687  5.028290  6.093655  8.028029  9.210340  99999.00  99999.00  99999.00  99999.00  99999.00  99999.00  99999.00  99999.00  99999.00  99999.00  99999.00  99999.00  99999.00  99999.00  99999.00  99999.00  99999.00  99999.00  99999.00  99999.00  99999.00  99999.00  99999.00  99999.00
        219       0.138920  0.276635  0.548626  0.816230  1.339138  1.846080  2.582173  3.747821  4.840893  5.867142  7.727654  9.210340  99999.00  99999.00  99999.00  99999.00  99999.00  99999.00  99999.00  99999.00  99999.00  99999.00  99999.00  99999.00  99999.00  99999.00  99999.00  99999.00  99999.00  99999.00  99999.00  99999.00  99999.00  99999.00  99999.00  99999.00
        220       0.133615  0.266070  0.527612  0.784968  1.287796  1.775233  2.482763  3.604180  4.655950  5.641839  7.439116  9.210340  99999.00  99999.00  99999.00  99999.00  99999.00  99999.00  99999.00  99999.00  99999.00  99999.00  99999.00  99999.00  99999.00  99999.00  99999.00  99999.00  99999.00  99999.00  99999.00  99999.00  99999.00  99999.00  99999.00  99999.00
        221       0.128442  0.255741  0.507157  0.754448  1.237633  1.705990  2.386103  3.463578  4.474581  5.423881  7.149827  8.568486 10.701995  99999.00  99999.00  99999.00  99999.00  99999.00  99999.00  99999.00  99999.00  99999.00  99999.00  99999.00  99999.00  99999.00  99999.00  99999.00  99999.00  99999.00  99999.00  99999.00  99999.00  99999.00  99999.00  99999.00
        222       0.123304  0.245533  0.486855  0.724235  1.187987  1.637423  2.290247  3.324846  4.296252  5.209235  6.867128  8.338945  9.210340  99999.00  99999.00  99999.00  99999.00  99999.00  99999.00  99999.00  99999.00  99999.00  99999.00  99999.00  99999.00  99999.00  99999.00  99999.00  99999.00  99999.00  99999.00  99999.00  99999.00  99999.00  99999.00  99999.00
        223       0.118246  0.235438  0.466817  0.694393  1.138958  1.569809  2.195661  3.187983  4.120278  4.995624  6.589302  7.993945  9.210340  99999.00  99999.00  99999.00  99999.00  99999.00  99999.00  99999.00  99999.00  99999.00  99999.00  99999.00  99999.00  99999.00  99999.00  99999.00  99999.00  99999.00  99999.00  99999.00  99999.00  99999.00  99999.00  99999.00
        224       0.113353  0.225691  0.447464  0.665566  1.091619  1.504470  2.104288  3.055748  3.949855  4.790597  6.322750  7.684284  8.947976 10.126631  99999.00  99999.00  99999.00  99999.00  99999.00  99999.00  99999.00  99999.00  99999.00  99999.00  99999.00  99999.00  99999.00  99999.00  99999.00  99999.00  99999.00  99999.00  99999.00  99999.00  99999.00  99999.00
        225       0.108622  0.216263  0.428749  0.637717  1.045830  1.441384  2.016115  2.928122  3.785729  4.592684  6.062658  7.360473  8.517193  9.210340  99999.00  99999.00  99999.00  99999.00  99999.00  99999.00  99999.00  99999.00  99999.00  99999.00  99999.00  99999.00  99999.00  99999.00  99999.00  99999.00  99999.00  99999.00  99999.00  99999.00  99999.00  99999.00
        226       0.104094  0.207261  0.410849  0.611104  1.002184  1.381087  1.931835  2.806342  3.628967  4.403172  5.816865  7.065760  8.173422  9.210340 12.873902  99999.00  99999.00  99999.00  99999.00  99999.00  99999.00  99999.00  99999.00  99999.00  99999.00  99999.00  99999.00  99999.00  99999.00  99999.00  99999.00  99999.00  99999.00  99999.00  99999.00  99999.00
        227       0.099741  0.198595  0.393689  0.585517  0.960162  1.323170  1.850922  2.689379  3.478494  4.221654  5.580204  6.782592  7.876690  8.866569  9.210340  99999.00  99999.00  99999.00  99999.00  99999.00  99999.00  99999.00  99999.00  99999.00  99999.00  99999.00  99999.00  99999.00  99999.00  99999.00  99999.00  99999.00  99999.00  99999.00  99999.00  99999.00
        228       0.095601  0.190320  0.377242  0.561039  0.920015  1.267679  1.773599  2.577507  3.334818  4.048717  5.354609  6.514647  7.539659  8.517193  9.210340  99999.00  99999.00  99999.00  99999.00  99999.00  99999.00  99999.00  99999.00  99999.00  99999.00  99999.00  99999.00  99999.00  99999.00  99999.00  99999.00  99999.00  99999.00  99999.00  99999.00  99999.00
        229       0.091706  0.182573  0.361869  0.538152  0.882404  1.215948  1.701337  2.473155  3.200687  3.887330  5.144016  6.264517  7.271977  8.156579  9.210340  9.351419  99999.00  99999.00  99999.00  99999.00  99999.00  99999.00  99999.00  99999.00  99999.00  99999.00  99999.00  99999.00  99999.00  99999.00  99999.00  99999.00  99999.00  99999.00  99999.00  99999.00
        230       0.088016  0.175203  0.347264  0.516413  0.846765  1.166799  1.632651  2.373965  3.073372  3.733990  4.944240  6.024435  7.004147  7.886784  8.601751  9.210340  99999.00  99999.00  99999.00  99999.00  99999.00  99999.00  99999.00  99999.00  99999.00  99999.00  99999.00  99999.00  99999.00  99999.00  99999.00  99999.00  99999.00  99999.00  99999.00  99999.00
        231       0.084564  0.168338  0.333630  0.496123  0.813497  1.121019  1.568687  2.281674  2.955247  3.591753  4.759672  5.805640  6.749852  7.622180  8.491218  9.210340  9.552090  99999.00  99999.00  99999.00  99999.00  99999.00  99999.00  99999.00  99999.00  99999.00  99999.00  99999.00  99999.00  99999.00  99999.00  99999.00  99999.00  99999.00  99999.00  99999.00
        232       0.081360  0.161950  0.320965  0.477291  0.782599  1.078420  1.509397  2.196206  2.845543  3.460087  4.589084  5.603815  6.525992  7.357426  8.111728  9.037069  9.210340  99999.00  99999.00  99999.00  99999.00  99999.00  99999.00  99999.00  99999.00  99999.00  99999.00  99999.00  99999.00  99999.00  99999.00  99999.00  99999.00  99999.00  99999.00  99999.00
        233       0.078337  0.155943  0.309042  0.459552  0.753523  1.038364  1.453527  2.115760  2.742383  3.335956  4.428420  5.412357  6.304654  7.134377  7.896020  8.517193  9.210340 10.308953  99999.00  99999.00  99999.00  99999.00  99999.00  99999.00  99999.00  99999.00  99999.00  99999.00  99999.00  99999.00  99999.00  99999.00  99999.00  99999.00  99999.00  99999.00
        234       0.075682  0.150653  0.298563  0.443971  0.727985  1.003248  1.404634  2.045453  2.652603  3.228039  4.289768  5.248755  6.125459  6.935154  7.703264  8.517193  9.210340  9.210340  99999.00  99999.00  99999.00  99999.00  99999.00  99999.00  99999.00  99999.00  99999.00  99999.00  99999.00  99999.00  99999.00  99999.00  99999.00  99999.00  99999.00  99999.00
        235       0.073064  0.145411  0.288219  0.428572  0.702777  0.968513  1.356250  1.975782  2.563625  3.121484  4.151974  5.085449  5.942674  6.737075  7.485592  8.139899  9.210340  9.210340  99999.00  99999.00  99999.00  99999.00  99999.00  99999.00  99999.00  99999.00  99999.00  99999.00  99999.00  99999.00  99999.00  99999.00  99999.00  99999.00  99999.00  99999.00
        236       0.070825  0.140975  0.279369  0.415427  0.681263  0.938970  1.315163  1.916775  2.488279  3.031244  4.036076  4.949227  5.790794  6.577253  7.325799  8.111728  8.531179  9.210340  99999.00  99999.00  99999.00  99999.00  99999.00  99999.00  99999.00  99999.00  99999.00  99999.00  99999.00  99999.00  99999.00  99999.00  99999.00  99999.00  99999.00  99999.00
        237       0.068732  0.136799  0.271119  0.403159  0.661195  0.911388  1.276748  1.861771  2.418028  2.947269  3.928152  4.822616  5.650919  6.428863  7.174701  7.838435  8.517193  9.210340  9.469852  99999.00  99999.00  99999.00  99999.00  99999.00  99999.00  99999.00  99999.00  99999.00  99999.00  99999.00  99999.00  99999.00  99999.00  99999.00  99999.00  99999.00
        238       0.066824  0.133003  0.263605  0.391985  0.642927  0.886254  1.241872  1.811729  2.354179  2.870989  3.830575  4.707994  5.523606  6.293342  7.042103  7.782082  8.517193  9.210340  9.210340  99999.00  99999.00  99999.00  99999.00  99999.00  99999.00  99999.00  99999.00  99999.00  99999.00  99999.00  99999.00  99999.00  99999.00  99999.00  99999.00  99999.00
        239       0.065206  0.129793  0.257232  0.382537  0.627472  0.865068  1.212495  1.769808  2.300929  2.807760  3.750147  4.615221  5.420324  6.187827  6.916364  7.600902  8.517193  9.210340  9.210340  99999.00  99999.00  99999.00  99999.00  99999.00  99999.00  99999.00  99999.00  99999.00  99999.00  99999.00  99999.00  99999.00  99999.00  99999.00  99999.00  99999.00
        240       0.063555  0.126510  0.250695  0.372825  0.611594  0.843266  1.182183  1.726453  2.245611  2.741489  3.665386  4.516113  5.310968  6.071126  6.812445  7.545333  8.130959  9.210340  9.210340  99999.00  99999.00  99999.00  99999.00  99999.00  99999.00  99999.00  99999.00  99999.00  99999.00  99999.00  99999.00  99999.00  99999.00  99999.00  99999.00  99999.00
        241       0.062257  0.123927  0.245615  0.365279  0.599309  0.826416  1.158896  1.693235  2.203778  2.691974  3.603242  4.444403  5.235066  5.991465  6.722986  7.418581  8.111728  9.210340  9.210340  99999.00  99999.00  99999.00  99999.00  99999.00  99999.00  99999.00  99999.00  99999.00  99999.00  99999.00  99999.00  99999.00  99999.00  99999.00  99999.00  99999.00
        242       0.060893  0.121204  0.240222  0.357284  0.586236  0.808439  1.133962  1.657609  2.158459  2.637811  3.534191  4.364071  5.146859  5.898296  6.645391  7.418581  8.111728  8.547046  9.210340  99999.00  99999.00  99999.00  99999.00  99999.00  99999.00  99999.00  99999.00  99999.00  99999.00  99999.00  99999.00  99999.00  99999.00  99999.00  99999.00  99999.00
        243       0.059959  0.119353  0.236572  0.351867  0.577426  0.796451  1.117444  1.634349  2.129250  2.603571  3.491862  4.316900  5.098021  5.854263  6.596816  7.334024  8.111728  8.517193  9.210340  99999.00  99999.00  99999.00  99999.00  99999.00  99999.00  99999.00  99999.00  99999.00  99999.00  99999.00  99999.00  99999.00  99999.00  99999.00  99999.00  99999.00
        244       0.058631  0.116704  0.231313  0.344062  0.564637  0.778857  1.092938  1.599053  2.084180  2.549649  3.422328  4.234652  5.005648  5.753164  6.492240  7.238788  7.927724  8.517193  9.210340  99999.00  99999.00  99999.00  99999.00  99999.00  99999.00  99999.00  99999.00  99999.00  99999.00  99999.00  99999.00  99999.00  99999.00  99999.00  99999.00  99999.00
        245       0.057835  0.115125  0.228209  0.339469  0.557229  0.768799  1.079202  1.580012  2.060661  2.522514  3.390168  4.200311  4.973164  5.728634  6.476366  7.243016  7.988349  8.517193  9.210340  99999.00  99999.00  99999.00  99999.00  99999.00  99999.00  99999.00  99999.00  99999.00  99999.00  99999.00  99999.00  99999.00  99999.00  99999.00  99999.00  99999.00
        246       0.056606  0.112687  0.223356  0.332240  0.545354  0.752434  1.056398  1.547075  2.018272  2.471398  3.323311  4.120315  4.880804  5.625980  6.362967  7.101046  7.824046  8.517193  9.210340  99999.00  99999.00  99999.00  99999.00  99999.00  99999.00  99999.00  99999.00  99999.00  99999.00  99999.00  99999.00  99999.00  99999.00  99999.00  99999.00  99999.00
        247       0.055907  0.111307  0.220647  0.328231  0.538846  0.743548  1.044184  1.529773  1.996728  2.446106  3.292506  4.085835  4.845892  5.589642  6.335236  7.112137  7.824046  8.517193  9.210340  99999.00  99999.00  99999.00  99999.00  99999.00  99999.00  99999.00  99999.00  99999.00  99999.00  99999.00  99999.00  99999.00  99999.00  99999.00  99999.00  99999.00
        248       0.055073  0.109634  0.217328  0.323288  0.530757  0.732486  1.028795  1.507827  1.968773  2.412784  3.249657  4.036665  4.791123  5.533249  6.279147  7.030629  7.824046  8.517193  9.210340  99999.00  99999.00  99999.00  99999.00  99999.00  99999.00  99999.00  99999.00  99999.00  99999.00  99999.00  99999.00  99999.00  99999.00  99999.00  99999.00  99999.00
        249       0.054631  0.108762  0.215621  0.320774  0.526712  0.726975  1.021304  1.497449  1.955942  2.397927  3.232484  4.018600  4.773589  5.520680  6.272502  7.023587  7.824046  8.517193  9.210340  99999.00  99999.00  99999.00  99999.00  99999.00  99999.00  99999.00  99999.00  99999.00  99999.00  99999.00  99999.00  99999.00  99999.00  99999.00  99999.00  99999.00
        250       0.053483  0.106458  0.211053  0.313966  0.515524  0.711470  0.999562  1.465703  1.914881  2.348007  3.166002  3.937341  4.680433  5.415554  6.156929  6.898424  7.652196  8.517193  9.210340  99999.00  99999.00  99999.00  99999.00  99999.00  99999.00  99999.00  99999.00  99999.00  99999.00  99999.00  99999.00  99999.00  99999.00  99999.00  99999.00  99999.00
        251       0.053107  0.105725  0.209603  0.311830  0.512087  0.706879  0.993324  1.457253  1.904690  2.336465  3.153410  3.925077  4.671043  5.406460  6.155455  6.907755  7.685644  8.517193  9.210340  99999.00  99999.00  99999.00  99999.00  99999.00  99999.00  99999.00  99999.00  99999.00  99999.00  99999.00  99999.00  99999.00  99999.00  99999.00  99999.00  99999.00
        252       0.052177  0.103867  0.205894  0.306306  0.503012  0.694316  0.975707  1.431548  1.871368  2.295962  3.099660  3.859859  4.593943  5.322478  6.060918  6.812445  7.550577  8.274880  9.210340  99999.00  99999.00  99999.00  99999.00  99999.00  99999.00  99999.00  99999.00  99999.00  99999.00  99999.00  99999.00  99999.00  99999.00  99999.00  99999.00  99999.00
        253       0.051507  0.102540  0.203278  0.302427  0.496658  0.685576  0.963568  1.414176  1.849211  2.269431  3.065739  3.819944  4.549949  5.275357  6.012326  6.744430  7.520364  8.111728  9.210340  99999.00  99999.00  99999.00  99999.00  99999.00  99999.00  99999.00  99999.00  99999.00  99999.00  99999.00  99999.00  99999.00  99999.00  99999.00  99999.00  99999.00
        254       0.050540  0.100616  0.199459  0.296742  0.487267  0.672573  0.945271  1.387418  1.814342  2.226969  3.008654  3.749794  4.469343  5.183262  5.904991  6.647875  7.381637  8.111728  9.033410  99999.00  99999.00  99999.00  99999.00  99999.00  99999.00  99999.00  99999.00  99999.00  99999.00  99999.00  99999.00  99999.00  99999.00  99999.00  99999.00  99999.00
        255       0.050411  0.100355  0.198955  0.295996  0.486117  0.671083  0.943380  1.385082  1.811910  2.224490  3.007348  3.750892  4.472163  5.192505  5.922902  6.665442  7.397304  8.111728  9.178592  99999.00  99999.00  99999.00  99999.00  99999.00  99999.00  99999.00  99999.00  99999.00  99999.00  99999.00  99999.00  99999.00  99999.00  99999.00  99999.00  99999.00
        256       0.048774  0.097080  0.192412  0.286234  0.469940  0.648626  0.911585  1.338152  1.750310  2.149035  2.904856  3.622218  4.319490  5.013640  5.720929  6.439837  7.173458  7.884150  8.517193  99999.00  99999.00  99999.00  99999.00  99999.00  99999.00  99999.00  99999.00  99999.00  99999.00  99999.00  99999.00  99999.00  99999.00  99999.00  99999.00  99999.00
        257       0.047947  0.095435  0.189151  0.281354  0.461938  0.637505  0.895998  1.315409  1.720856  2.113138  2.857599  3.564893  4.253378  4.939516  5.638539  6.362061  7.068378  7.808046  8.517193  99999.00  99999.00  99999.00  99999.00  99999.00  99999.00  99999.00  99999.00  99999.00  99999.00  99999.00  99999.00  99999.00  99999.00  99999.00  99999.00  99999.00
        258       0.047779  0.095118  0.188513  0.280439  0.460471  0.635549  0.893391  1.312032  1.716831  2.108835  2.852917  3.561488  4.251361  4.940884  5.644213  6.365030  7.084575  7.798513  8.517193  99999.00  99999.00  99999.00  99999.00  99999.00  99999.00  99999.00  99999.00  99999.00  99999.00  99999.00  99999.00  99999.00  99999.00  99999.00  99999.00  99999.00
        259       0.045974  0.091498  0.181298  0.269620  0.442513  0.610548  0.857896  1.259239  1.647226  2.022608  2.734856  3.412157  4.071214  4.728846  5.398506  6.085043  6.782592  7.458246  8.217089  99999.00  99999.00  99999.00  99999.00  99999.00  99999.00  99999.00  99999.00  99999.00  99999.00  99999.00  99999.00  99999.00  99999.00  99999.00  99999.00  99999.00
        260       0.045562  0.090684  0.179701  0.267283  0.438701  0.605368  0.850800  1.249400  1.635012  2.008424  2.717899  3.393130  4.052435  4.709420  5.381699  6.071952  6.756466  7.464043  8.111728  99999.00  99999.00  99999.00  99999.00  99999.00  99999.00  99999.00  99999.00  99999.00  99999.00  99999.00  99999.00  99999.00  99999.00  99999.00  99999.00  99999.00
        261       0.043963  0.087475  0.173307  0.257699  0.422820  0.583229  0.819414  1.202836  1.573705  1.932688  2.614277  3.262576  3.894251  4.525658  5.170925  5.831224  6.490861  7.174959  7.859137  9.581904  99999.00  99999.00  99999.00  99999.00  99999.00  99999.00  99999.00  99999.00  99999.00  99999.00  99999.00  99999.00  99999.00  99999.00  99999.00  99999.00
        262       0.043397  0.086358  0.171095  0.254394  0.417409  0.575775  0.808984  1.187783  1.554248  1.909216  2.583486  3.225623  3.851317  4.477171  5.115996  5.769701  6.431307  7.084575  7.765452  9.486594  99999.00  99999.00  99999.00  99999.00  99999.00  99999.00  99999.00  99999.00  99999.00  99999.00  99999.00  99999.00  99999.00  99999.00  99999.00  99999.00
        263       0.041447  0.082441  0.163270  0.242722  0.398062  0.548814  0.770803  1.131203  1.479802  1.817353  2.458231  3.067784  3.661533  4.255485  4.860730  5.480915  6.102203  6.725434  7.346528  9.210340  99999.00  99999.00  99999.00  99999.00  99999.00  99999.00  99999.00  99999.00  99999.00  99999.00  99999.00  99999.00  99999.00  99999.00  99999.00  99999.00
        264       0.041123  0.081818  0.162032  0.240858  0.395018  0.544641  0.765012  1.122909  1.469272  1.804758  2.442135  3.049058  3.641178  4.232868  4.838184  5.454136  6.079515  6.710662  7.344048  9.210340  99999.00  99999.00  99999.00  99999.00  99999.00  99999.00  99999.00  99999.00  99999.00  99999.00  99999.00  99999.00  99999.00  99999.00  99999.00  99999.00
        265       0.039612  0.078797  0.156021  0.231867  0.380090  0.523870  0.735544  1.079276  1.411874  1.733888  2.345529  2.927880  3.495357  4.062645  4.643123  5.237449  5.834756  6.435599  7.028560  9.176439  99999.00  99999.00  99999.00  99999.00  99999.00  99999.00  99999.00  99999.00  99999.00  99999.00  99999.00  99999.00  99999.00  99999.00  99999.00  99999.00
        266       0.038080  0.075744  0.149922  0.222728  0.364959  0.502787  0.705625  1.034944  1.353399  1.661803  2.247083  2.803814  3.346405  3.888376  4.442687  5.010993  5.581249  6.153983  6.734402  8.448200  99999.00  99999.00  99999.00  99999.00  99999.00  99999.00  99999.00  99999.00  99999.00  99999.00  99999.00  99999.00  99999.00  99999.00  99999.00  99999.00
        267       0.036871  0.073331  0.145137  0.215570  0.353120  0.486296  0.682363  1.000702  1.308566  1.606692  2.172623  2.711144  3.235895  3.760682  4.297160  4.846787  5.398927  5.953618  6.509459  8.225057  99999.00  99999.00  99999.00  99999.00  99999.00  99999.00  99999.00  99999.00  99999.00  99999.00  99999.00  99999.00  99999.00  99999.00  99999.00  99999.00
        268       0.035287  0.070154  0.138790  0.206098  0.337398  0.464402  0.651279  0.954568  1.247788  1.531584  2.069916  2.581543  3.079891  3.576955  4.084041  4.604456  5.126166  5.650919  6.182971  7.806346  99999.00  99999.00  99999.00  99999.00  99999.00  99999.00  99999.00  99999.00  99999.00  99999.00  99999.00  99999.00  99999.00  99999.00  99999.00  99999.00
        269       0.034246  0.068081  0.134662  0.199934  0.327183  0.450224  0.631265  0.925163  1.209333  1.484389  2.006411  2.502573  2.985782  3.468168  3.961758  4.466697  4.973554  5.485093  6.001889  7.578924  99999.00  99999.00  99999.00  99999.00  99999.00  99999.00  99999.00  99999.00  99999.00  99999.00  99999.00  99999.00  99999.00  99999.00  99999.00  99999.00
        270       0.032829  0.065254  0.129025  0.191488  0.313175  0.430715  0.603557  0.883994  1.155006  1.417273  1.914480  2.386450  2.845653  3.304071  3.771617  4.250089  4.730481  5.213840  5.698242  7.178301  99999.00  99999.00  99999.00  99999.00  99999.00  99999.00  99999.00  99999.00  99999.00  99999.00  99999.00  99999.00  99999.00  99999.00  99999.00  99999.00
        271       0.031480  0.062579  0.123674  0.183481  0.299923  0.412247  0.577449  0.845400  1.104343  1.354906  1.829773  2.280474  2.718696  3.156069  3.602047  4.058495  4.516375  4.976752  5.440046  6.852185  99999.00  99999.00  99999.00  99999.00  99999.00  99999.00  99999.00  99999.00  99999.00  99999.00  99999.00  99999.00  99999.00  99999.00  99999.00  99999.00
        272       0.030202  0.060020  0.118576  0.175856  0.287246  0.394605  0.552422  0.808316  1.055453  1.294487  1.747242  2.176393  2.593349  3.008973  3.432807  3.866168  4.300518  4.737384  5.178144  6.517794  9.210340  99999.00  99999.00  99999.00  99999.00  99999.00  99999.00  99999.00  99999.00  99999.00  99999.00  99999.00  99999.00  99999.00  99999.00  99999.00
        273       0.028826  0.057276  0.113073  0.167634  0.273638  0.375647  0.525526  0.768510  1.003060  1.229835  1.658998  2.065203  2.459542  2.851792  3.251055  3.658817  4.066729  4.476093  4.888909  6.143149  8.979817  99999.00  99999.00  99999.00  99999.00  99999.00  99999.00  99999.00  99999.00  99999.00  99999.00  99999.00  99999.00  99999.00  99999.00  99999.00
        274       0.027276  0.054159  0.106876  0.158392  0.258320  0.354318  0.495335  0.723866  0.944366  1.157525  1.560612  1.941575  2.310916  2.677790  3.050854  3.430397  3.810838  4.191835  4.574174  5.737684  8.363043  99999.00  99999.00  99999.00  99999.00  99999.00  99999.00  99999.00  99999.00  99999.00  99999.00  99999.00  99999.00  99999.00  99999.00  99999.00
        275       0.026143  0.051917  0.102403  0.151664  0.247185  0.338803  0.473326  0.691241  0.901431  1.104522  1.488259  1.850652  2.201522  2.549568  2.903153  3.262908  3.622660  3.982528  4.343990  5.437579  7.873317  99999.00  99999.00  99999.00  99999.00  99999.00  99999.00  99999.00  99999.00  99999.00  99999.00  99999.00  99999.00  99999.00  99999.00  99999.00
        276       0.024912  0.049429  0.097439  0.144261  0.234900  0.321711  0.449134  0.655488  0.854445  1.046586  1.409374  1.751622  2.082616  2.410727  2.743299  3.081542  3.419675  3.757653  4.096963  5.122427  7.412191  99999.00  99999.00  99999.00  99999.00  99999.00  99999.00  99999.00  99999.00  99999.00  99999.00  99999.00  99999.00  99999.00  99999.00  99999.00
        277       0.023769  0.047160  0.092925  0.137504  0.223697  0.306112  0.427009  0.622717  0.811281  0.993348  1.336772  1.660245  1.972645  2.282029  2.595357  2.913373  3.231065  3.548984  3.867270  4.828314  6.959049  9.983530  99999.00  99999.00  99999.00  99999.00  99999.00  99999.00  99999.00  99999.00  99999.00  99999.00  99999.00  99999.00  99999.00  99999.00
        278       0.022505  0.044639  0.087915  0.130008  0.211267  0.288785  0.402489  0.586372  0.763438  0.934278  1.256171  1.558818  1.850408  2.138506  2.429632  2.724531  3.018686  3.312236  3.605670  4.488071  6.442571  9.172600  99999.00  99999.00  99999.00  99999.00  99999.00  99999.00  99999.00  99999.00  99999.00  99999.00  99999.00  99999.00  99999.00  99999.00
        279       0.021404  0.042430  0.083486  0.123385  0.200287  0.273516  0.380810  0.554295  0.721230  0.882177  1.185101  1.469392  1.742837  2.012502  2.284594  2.559663  2.833483  3.106836  3.379812  4.197656  6.008532  8.479453  99999.00  99999.00  99999.00  99999.00  99999.00  99999.00  99999.00  99999.00  99999.00  99999.00  99999.00  99999.00  99999.00  99999.00
        280       0.020284  0.040197  0.079043  0.116745  0.189303  0.258216  0.359124  0.522203  0.678976  0.830030  1.113864  1.379358  1.633936  1.883848  2.134802  2.387359  2.637443  2.885408  3.131140  3.862281  5.475532  7.701828  99999.00  99999.00  99999.00  99999.00  99999.00  99999.00  99999.00  99999.00  99999.00  99999.00  99999.00  99999.00  99999.00  99999.00
        281       0.019162  0.037980  0.074607  0.110096  0.178261  0.242857  0.337337  0.489873  0.636389  0.777434  1.042024  1.288790  1.524803  1.755806  1.987161  2.219127  2.448444  2.675389  2.900495  3.563199  5.021292  7.008681  9.596003  99999.00  99999.00  99999.00  99999.00  99999.00  99999.00  99999.00  99999.00  99999.00  99999.00  99999.00  99999.00  99999.00
        282       0.018180  0.036004  0.070676  0.104215  0.168513  0.229267  0.318108  0.461413  0.598972  0.731306  0.979177  1.210045  1.430255  1.645583  1.860827  2.076310  2.289274  2.500012  2.708690  3.322238  4.664071  6.491680  8.873868  99999.00  99999.00  99999.00  99999.00  99999.00  99999.00  99999.00  99999.00  99999.00  99999.00  99999.00  99999.00  99999.00
        283       0.017500  0.034629  0.067932  0.100103  0.161715  0.219814  0.304722  0.441629  0.572949  0.699197  0.935514  1.155221  1.364564  1.568930  1.772946  1.977058  2.178564  2.377826  2.575444  3.154025  4.414880  6.128430  8.318342  99999.00  99999.00  99999.00  99999.00  99999.00  99999.00  99999.00  99999.00  99999.00  99999.00  99999.00  99999.00  99999.00
        284       0.016426  0.032507  0.063715  0.093783  0.151232  0.205205  0.283977  0.410878  0.532403  0.649130  0.867072  1.068871  1.260444  1.446588  1.631499  1.815823  1.996985  2.175600  2.352112  2.864073  3.973686  5.486094  7.432004  9.338174  99999.00  99999.00  99999.00  99999.00  99999.00  99999.00  99999.00  99999.00  99999.00  99999.00  99999.00  99999.00
        285       0.015516  0.030683  0.060051  0.088317  0.142154  0.192569  0.266035  0.384309  0.497416  0.605930  0.808193  0.994827  1.171519  1.342788  1.512557  1.681494  1.847404  2.011129  2.172910  2.639983  3.642473  4.999448  6.742947  8.674822  99999.00  99999.00  99999.00  99999.00  99999.00  99999.00  99999.00  99999.00  99999.00  99999.00  99999.00  99999.00
        286       0.014854  0.029371  0.057447  0.084426  0.135719  0.183625  0.253417  0.365641  0.472888  0.575755  0.767147  0.943405  1.109851  1.270711  1.429636  1.587305  1.741759  1.893792  2.043519  2.472899  3.388953  4.627007  6.214608  8.022497  9.596003  99999.00  99999.00  99999.00  99999.00  99999.00  99999.00  99999.00  99999.00  99999.00  99999.00  99999.00
        287       0.014154  0.027949  0.054623  0.080225  0.128752  0.173917  0.239644  0.345288  0.446105  0.542711  0.722061  0.886681  1.041547  1.190714  1.337345  1.482328  1.623790  1.762419  1.898677  2.285155  3.103132  4.207513  5.621051  7.206611  8.699515 10.308953  99999.00  99999.00  99999.00  99999.00  99999.00  99999.00  99999.00  99999.00  99999.00  99999.00
        288       0.013410  0.026464  0.051649  0.075779  0.121349  0.163642  0.225088  0.323718  0.417721  0.507699  0.674301  0.826602  0.969208  1.105901  1.239658  1.371110  1.498959  1.623664  1.745711  2.087440  2.804355  3.771899  5.010010  6.414585  7.734434  8.954407 10.596635  99999.00  99999.00  99999.00  99999.00  99999.00  99999.00  99999.00  99999.00  99999.00
        289       0.012824  0.025301  0.049339  0.072306  0.115621  0.155675  0.213807  0.307040  0.395837  0.480734  0.637681  0.780650  0.914137  1.041630  1.165794  1.287445  1.405290  1.520035  1.631833  1.941856  2.585999  3.453676  4.562350  5.814714  6.985717  8.057661  9.021098  9.903488 12.388394  99999.00  99999.00  99999.00  99999.00  99999.00  99999.00  99999.00
        290       0.012313  0.024301  0.047336  0.069314  0.110680  0.148795  0.204087  0.292689  0.376975  0.457496  0.606083  0.741086  0.866707  0.986255  1.102369  1.215610  1.324964  1.431187  1.534408  1.817488  2.400703  3.184676  4.185912  5.319371  6.372237  7.319490  8.277520  8.987197  9.210340  9.498022 10.085809 10.308953 10.442484 10.442484 10.442484 10.442484
        291       0.011778  0.023220  0.045184  0.066093  0.105332  0.141353  0.193553  0.277083  0.356470  0.432195  0.571599  0.697732  0.814568  0.925233  1.032104  1.135813  1.235538  1.331856  1.425071  1.676926  2.188442  2.873976  3.747061  4.734982  5.650036  6.482203  7.321954  7.903183  8.268297  8.539172  8.734917  8.849327  8.849327  8.849327  8.849327  8.849327
        292       0.011314  0.022280  0.043316  0.063308  0.100737  0.134947  0.184489  0.263694  0.338870  0.410528  0.542173  0.660809  0.770307  0.873610  0.972927  1.068859  1.160807  1.249261  1.334667  1.562256  2.018346  2.627681  3.403450  4.281277  5.099467  5.840175  6.577253  7.105190  7.439634  7.652196  7.845099  7.899758  7.934047  7.934047  7.934047  7.934047
        293       0.010863  0.021392  0.041574  0.060687  0.096382  0.128916  0.175949  0.251096  0.322298  0.390123  0.514397  0.625944  0.728477  0.824802  0.916834  1.005276  1.089597  1.170426  1.247940  1.451060  1.851731  2.384644  3.061686  3.827242  4.538731  5.180341  5.825213  6.277409  6.574393  6.766105  6.934189  6.984542  7.003500  7.013116  7.013116  7.013116
        294       0.010498  0.020660  0.040102  0.058486  0.092769  0.123879  0.168820  0.240588  0.308512  0.373133  0.491343  0.597126  0.694017  0.784681  0.870975  0.953586  1.032153  1.107135  1.178969  1.364533  1.725044  2.202504  2.807558  3.490884  4.125431  4.700437  5.276811  5.680151  5.948905  6.113387  6.261335  6.310353  6.332119  6.337021  6.337021  6.337021
        295       0.010121  0.019906  0.038587  0.056248  0.089064  0.118720  0.161527  0.229812  0.294348  0.355694  0.467641  0.567396  0.658334  0.743041  0.823226  0.899551  0.971746  1.040339  1.105676  1.271290  1.586337  2.001064  2.525077  3.115888  3.665163  4.161321  4.658296  5.008898  5.239228  5.381699  5.513881  5.555737  5.571611  5.573899  5.573899  5.573899
        296       0.009798  0.019262  0.037305  0.054317  0.085865  0.114294  0.155283  0.220590  0.282248  0.340808  0.447467  0.542136  0.628177  0.707919  0.783122  0.854298  0.921349  0.984789  1.044977  1.194758  1.473795  1.839166  2.299726  2.818423  3.300160  3.735971  4.173388  4.479740  4.684115  4.810295  4.924249  4.959251  4.976234  4.978212  4.978212  4.978212
        297       0.009502  0.018673  0.036127  0.052576  0.082999  0.110320  0.149651  0.212273  0.271358  0.327430  0.429292  0.519428  0.601036  0.676384  0.747080  0.813656  0.876109  0.934975  0.990522  1.126180  1.373370  1.694593  2.097659  2.550824  2.971421  3.351166  3.732059  3.999430  4.177065  4.285926  4.386908  4.418871  4.431217  4.432679  4.433045  4.433045
        298       0.009243  0.018146  0.035078  0.051000  0.080409  0.106690  0.144563  0.204765  0.261523  0.315318  0.412890  0.498954  0.576602  0.647991  0.714628  0.777087  0.835472  0.890178  0.941620  1.064665  1.283628  1.566274  1.919840  2.317037  2.685374  3.018156  3.352283  3.587108  3.743014  3.838894  3.926916  3.955793  3.967214  3.968133  3.968133  3.968133
        299       0.008995  0.017646  0.034088  0.049529  0.077962  0.103327  0.139800  0.197736  0.252303  0.303996  0.397558  0.479797  0.553701  0.621410  0.684341  0.742968  0.797498  0.848388  0.895953  1.007260  1.199905  1.446469  1.753361  2.097124  2.416008  2.703877  2.992465  3.195625  3.329807  3.413178  3.489731  3.514010  3.523827  3.525679  3.525988  3.525988
        300       0.008779  0.017243  0.033284  0.048331  0.075973  0.100564  0.135913  0.192063  0.244855  0.294835  0.385195  0.464419  0.535398  0.600212  0.660161  0.715820  0.767371  0.815253  0.859803  0.962037  1.134645  1.354074  1.626376  1.931210  2.213700  2.469069  2.725150  2.905476  3.024974  3.099075  3.166952  3.188545  3.197960  3.198739  3.199073  3.199185
        301       0.008573  0.016809  0.032434  0.047049  0.073891  0.097668  0.131845  0.186039  0.236977  0.285158  0.372118  0.448093  0.515960  0.577654  0.634467  0.686921  0.735296  0.779934  0.821198  0.913533  1.064329  1.254118  1.488528  1.750242  1.993030  2.212080  2.432331  2.587423  2.690322  2.754356  2.812805  2.831760  2.839817  2.840439  2.840595  2.840595
        302       0.008403  0.016481  0.031777  0.046077  0.072287  0.095465  0.128702  0.181435  0.230964  0.277780  0.362171  0.435718  0.501250  0.560685  0.615227  0.665426  0.711487  0.753930  0.793028  0.878918  1.015458  1.185761  1.395023  1.628065  1.843723  2.038474  2.233907  2.371497  2.462807  2.519611  2.571773  2.588451  2.595919  2.596346  2.596529  2.596590
        303       0.008211  0.016116  0.031050  0.045007  0.070496  0.092993  0.125213  0.176314  0.224263  0.269592  0.351067  0.421913  0.484833  0.541714  0.593656  0.641305  0.684836  0.724741  0.761397  0.839940  0.960326  1.108346  1.288788  1.488871  1.673976  1.840969  2.008593  2.126648  2.205128  2.253838  2.298774  2.313278  2.319500  2.320286  2.320333  2.320333
        304       0.008090  0.015863  0.030538  0.044241  0.069238  0.091249  0.122770  0.172722  0.219573  0.263811  0.343316  0.412267  0.473415  0.528602  0.578833  0.624795  0.666681  0.704979  0.739999  0.813949  0.924419  1.058980  1.222104  1.402521  1.569210  1.719439  1.870092  1.976301  2.046873  2.090705  2.131036  2.144280  2.149987  2.150559  2.150682  2.150682
        305       0.007931  0.015534  0.029902  0.043282  0.067666  0.089065  0.119695  0.168225  0.213672  0.256606  0.333605  0.400206  0.459110  0.512038  0.560087  0.603772  0.643448  0.679567  0.712395  0.779854  0.876196  0.991602  1.130159  1.282721  1.423524  1.550376  1.677717  1.767528  1.827311  1.864594  1.899001  1.910205  1.915099  1.915716  1.915778  1.915778
        306       0.007811  0.015326  0.029473  0.042644  0.066618  0.087635  0.117685  0.165251  0.209828  0.251886  0.327281  0.392401  0.449917  0.501551  0.548313  0.590771  0.629270  0.664227  0.696008  0.760509  0.850704  0.957733  1.085344  1.225456  1.354556  1.470608  1.587071  1.669163  1.723700  1.757662  1.789049  1.799273  1.803890  1.804411  1.804497  1.804497
        307       0.007672  0.015041  0.028914  0.041810  0.065260  0.085745  0.115021  0.161366  0.204737  0.245639  0.318868  0.381958  0.437487  0.487210  0.532049  0.572558  0.609147  0.642219  0.672038  0.730978  0.809114  0.899808  1.006580  1.123154  1.230333  1.326732  1.423472  1.491845  1.537405  1.565786  1.592206  1.600879  1.604758  1.605209  1.605256  1.605280
        308       0.007576  0.014853  0.028542  0.041244  0.064330  0.084459  0.113238  0.158750  0.201359  0.241508  0.313342  0.375158  0.429524  0.478143  0.521951  0.561501  0.597162  0.629350  0.658387  0.715286  0.789291  0.874281  0.973592  1.081460  1.180458  1.269214  1.358161  1.420846  1.462641  1.488612  1.512787  1.520795  1.524397  1.524834  1.524922  1.524965
        309       0.007471  0.014616  0.028076  0.040569  0.063224  0.082942  0.111091  0.155635  0.197244  0.236482  0.306603  0.366801  0.419694  0.466824  0.509184  0.547284  0.581546  0.612401  0.640094  0.693233  0.759277  0.833439  0.918842  1.010863  1.095047  1.170477  1.245936  1.299208  1.334733  1.356884  1.377552  1.384429  1.387571  1.387972  1.388029  1.388048
        310       0.007370  0.014432  0.027694  0.040004  0.062291  0.081649  0.109273  0.152962  0.193793  0.232268  0.300938  0.359850  0.411476  0.457450  0.498701  0.535720  0.568934  0.598790  0.625506  0.675990  0.736721  0.803717  0.879982  0.961624  1.036241  1.102864  1.169571  1.216608  1.247991  1.267589  1.285923  1.292041  1.294923  1.295288  1.295323  1.295323
        311       0.007292  0.014256  0.027361  0.039505  0.061482  0.080522  0.107713  0.150695  0.190828  0.228640  0.296104  0.353900  0.404508  0.449519  0.489888  0.526049  0.558468  0.587527  0.613495  0.662133  0.719183  0.781388  0.851451  0.926038  0.994050  1.054677  1.115306  1.158060  1.186493  1.204306  1.220983  1.226593  1.229154  1.229496  1.229598  1.229633
        312       0.007183  0.014051  0.026975  0.038914  0.060509  0.079198  0.105847  0.147953  0.187265  0.224275  0.290257  0.346657  0.395967  0.439724  0.478835  0.513782  0.544998  0.572912  0.597776  0.643269  0.693776  0.747121  0.805868  0.867716  0.923747  0.973655  1.023531  1.058746  1.082233  1.096985  1.110902  1.115599  1.117853  1.118159  1.118203  1.118218
        313       0.007125  0.013906  0.026693  0.038497  0.059840  0.078270  0.104561  0.146067  0.184825  0.221326  0.286336  0.341871  0.390409  0.433448  0.471917  0.506253  0.536922  0.564314  0.588751  0.633276  0.682187  0.733521  0.789702  0.848562  0.901870  0.949163  0.996363  1.029599  1.051838  1.065676  1.078839  1.083246  1.085360  1.085657  1.085716  1.085731
        314       0.007025  0.013739  0.026339  0.037982  0.058986  0.077081  0.102902  0.143645  0.181684  0.217460  0.281137  0.335459  0.382806  0.424770  0.462123  0.495412  0.525077  0.551448  0.574875  0.616677  0.660032  0.703864  0.750628  0.798819  0.842227  0.880658  0.918982  0.946041  0.964129  0.975537  0.986378  0.990112  0.991944  0.992227  0.992281  0.992295
        315       0.006934  0.013597  0.026087  0.037598  0.058371  0.076244  0.101723  0.141950  0.179468  0.214797  0.277606  0.331139  0.377826  0.419128  0.455943  0.488746  0.517926  0.543909  0.566982  0.607970  0.650241  0.692807  0.737904  0.784298  0.825936  0.862726  0.899348  0.925193  0.942429  0.953292  0.963579  0.967097  0.968861  0.969125  0.969177  0.969191
        316       0.006879  0.013445  0.025754  0.037131  0.057581  0.075160  0.100207  0.139716  0.176594  0.211271  0.272899  0.325329  0.370991  0.411327  0.447194  0.479085  0.507390  0.532577  0.554830  0.593791  0.631883  0.668767  0.706628  0.744746  0.778683  0.808513  0.838150  0.859060  0.873040  0.881926  0.890367  0.893356  0.894872  0.895116  0.895165  0.895165
        317       0.006823  0.013323  0.025528  0.036778  0.057025  0.074406  0.099163  0.138211  0.174651  0.208908  0.269770  0.321542  0.366595  0.406413  0.441789  0.473289  0.501238  0.526058  0.548034  0.586501  0.624116  0.660554  0.697929  0.735595  0.769046  0.798441  0.827593  0.848107  0.861826  0.870493  0.878706  0.881648  0.883086  0.883328  0.883376  0.883388
        318       0.006738  0.013171  0.025220  0.036327  0.056274  0.073377  0.097712  0.136089  0.171880  0.205519  0.265236  0.315972  0.360038  0.398927  0.433425  0.464061  0.491195  0.515260  0.536511  0.573144  0.607025  0.638384  0.669167  0.699286  0.725691  0.748649  0.771314  0.787227  0.797908  0.804682  0.811255  0.813621  0.814886  0.815100  0.815145  0.815145
        319       0.006696  0.013059  0.024983  0.035993  0.055741  0.072633  0.096679  0.134603  0.169946  0.203180  0.262124  0.312176  0.355638  0.393955  0.427961  0.458083  0.484773  0.508407  0.529249  0.564856  0.597273  0.627015  0.656014  0.684250  0.709063  0.730630  0.751970  0.767066  0.777193  0.783648  0.789913  0.792142  0.793351  0.793573  0.793631  0.793654
        320       0.006622  0.012933  0.024759  0.035653  0.055175  0.071872  0.095614  0.133074  0.167945  0.200746  0.258913  0.308232  0.351034  0.388778  0.422212  0.451865  0.478060  0.501255  0.521684  0.556442  0.587482  0.615483  0.642435  0.668377  0.691089  0.710802  0.730278  0.744030  0.753258  0.759159  0.764912  0.766987  0.768162  0.768356  0.768388  0.768388
        321       0.006532  0.012797  0.024476  0.035224  0.054495  0.070942  0.094293  0.131140  0.165452  0.197700  0.254811  0.303205  0.345118  0.382031  0.414694  0.443552  0.469086  0.491608  0.511414  0.544482  0.572328  0.596049  0.617503  0.637215  0.654119  0.668526  0.682697  0.692726  0.699547  0.703900  0.708293  0.709961  0.710893  0.711065  0.711118  0.711150
        322       0.006521  0.012716  0.024323  0.035021  0.054134  0.070455  0.093641  0.130211  0.164238  0.196258  0.252959  0.300970  0.342652  0.379352  0.411908  0.440732  0.466275  0.488836  0.508753  0.542626  0.572834  0.599948  0.625666  0.650260  0.671611  0.690002  0.708068  0.720745  0.729199  0.734615  0.739830  0.741770  0.742821  0.743020  0.743052  0.743062
        323       0.006426  0.012568  0.024039  0.034575  0.053423  0.069474  0.092277  0.128204  0.161646  0.193068  0.248657  0.295686  0.336379  0.372186  0.403806  0.431763  0.456429  0.478138  0.497226  0.528757  0.554292  0.575224  0.593321  0.609358  0.622826  0.634203  0.645350  0.653218  0.658624  0.662087  0.665665  0.667090  0.667900  0.668085  0.668116  0.668126
        324       0.006421  0.012478  0.023829  0.034303  0.052968  0.068854  0.091411  0.126955  0.160033  0.191122  0.246116  0.292628  0.332856  0.368261  0.399575  0.427243  0.451663  0.473234  0.492193  0.523733  0.549804  0.571535  0.590600  0.607655  0.622041  0.634144  0.645922  0.654220  0.659763  0.663343  0.666946  0.668362  0.669184  0.669348  0.669431  0.669431
        325       0.006325  0.012387  0.023667  0.034025  0.052530  0.068251  0.090581  0.125748  0.158496  0.189238  0.243628  0.289593  0.329360  0.364366  0.395306  0.422638  0.446805  0.468153  0.486869  0.518124  0.544083  0.565884  0.585124  0.602518  0.617210  0.629629  0.641734  0.650209  0.655922  0.659621  0.663272  0.664703  0.665512  0.665706  0.665706  0.665737
        326       0.006286  0.012253  0.023416  0.033660  0.051937  0.067435  0.089445  0.124084  0.156309  0.186611  0.240113  0.285263  0.324285  0.358558  0.388821  0.415515  0.439031  0.459745  0.477892  0.507618  0.530622  0.548585  0.563075  0.575058  0.584841  0.592769  0.600487  0.605930  0.609654  0.612120  0.614706  0.615785  0.616505  0.616629  0.616701  0.616711
        327       0.006219  0.012174  0.023231  0.033404  0.051532  0.066910  0.088687  0.123018  0.154962  0.184954  0.237943  0.282649  0.321286  0.355255  0.385252  0.411719  0.435116  0.455723  0.473834  0.503711  0.527633  0.546889  0.563080  0.577003  0.588455  0.597971  0.607076  0.613480  0.617815  0.620601  0.623464  0.624613  0.625341  0.625498  0.625548  0.625567
        328       0.006203  0.012089  0.023070  0.033155  0.051106  0.066324  0.087884  0.121848  0.153449  0.183109  0.235525  0.279714  0.317866  0.351403  0.381049  0.407192  0.430262  0.450619  0.468467  0.497900  0.521390  0.540321  0.556143  0.569780  0.581020  0.590310  0.599323  0.605594  0.609879  0.612643  0.615477  0.616618  0.617349  0.617504  0.617555  0.617576
        329       0.006119  0.011966  0.022843  0.032811  0.050557  0.065561  0.086831  0.120314  0.151447  0.180677  0.232271  0.275719  0.313219  0.346114  0.375138  0.400737  0.423289  0.443126  0.460483  0.488738  0.510054  0.526091  0.538332  0.547908  0.555383  0.561344  0.566978  0.570939  0.573653  0.575476  0.577434  0.578344  0.578907  0.579076  0.579095  0.579095
        330       0.006119  0.011870  0.022700  0.032569  0.050177  0.065048  0.086109  0.119284  0.150119  0.179080  0.230161  0.273188  0.310306  0.342897  0.371684  0.397051  0.419420  0.439143  0.456425  0.484770  0.506824  0.523977  0.537617  0.548874  0.557849  0.565125  0.572051  0.576886  0.580136  0.582272  0.584512  0.585469  0.586108  0.586268  0.586288  0.586298
        331       0.006035  0.011803  0.022518  0.032322  0.049791  0.064509  0.085364  0.118208  0.148751  0.177394  0.227940  0.270497  0.307182  0.339420  0.367856  0.392944  0.415078  0.434551  0.451640  0.479677  0.501545  0.518680  0.532437  0.543798  0.552999  0.560463  0.567563  0.572553  0.575927  0.578124  0.580444  0.581397  0.582023  0.582172  0.582212  0.582212
        332       0.006018  0.011690  0.022308  0.032013  0.049284  0.063822  0.084421  0.116833  0.146954  0.175207  0.225055  0.266950  0.303051  0.334727  0.362669  0.387281  0.408955  0.428009  0.444708  0.471828  0.492086  0.507083  0.518233  0.526673  0.533119  0.538121  0.542785  0.546050  0.548287  0.549778  0.551455  0.552226  0.552757  0.552912  0.552941  0.552941
        333       0.005929  0.011612  0.022166  0.031800  0.048922  0.063324  0.083732  0.115847  0.145662  0.173672  0.223019  0.264479  0.300220  0.331572  0.359242  0.383630  0.405123  0.424036  0.440617  0.467731  0.488403  0.504126  0.516229  0.525779  0.533298  0.539216  0.544775  0.548672  0.551300  0.553037  0.554865  0.555726  0.556298  0.556443  0.556472  0.556472
        334       0.005917  0.011527  0.021984  0.031542  0.048508  0.062762  0.082959  0.114713  0.144217  0.171916  0.220681  0.261632  0.296925  0.327856  0.355176  0.379205  0.400411  0.419032  0.435383  0.461991  0.482121  0.497188  0.508634  0.517487  0.524361  0.529773  0.534824  0.538368  0.540789  0.542383  0.544133  0.544900  0.545465  0.545609  0.545638  0.545638
        335       0.005856  0.011437  0.021791  0.031267  0.048065  0.062153  0.082108  0.113492  0.142639  0.169998  0.218121  0.258533  0.293328  0.323824  0.350701  0.374378  0.395201  0.413539  0.429570  0.455619  0.474815  0.488838  0.498979  0.506363  0.511863  0.516024  0.519810  0.522458  0.524286  0.525516  0.526936  0.527604  0.528113  0.528245  0.528283  0.528283
        336       0.005817  0.011364  0.021644  0.031038  0.047686  0.061651  0.081403  0.112460  0.141333  0.168392  0.216037  0.255975  0.290360  0.320519  0.347070  0.370484  0.391102  0.409256  0.425115  0.450942  0.470173  0.484337  0.494752  0.502463  0.508310  0.512781  0.516890  0.519736  0.521690  0.523011  0.524465  0.525169  0.525676  0.525798  0.525845  0.525855
        337       0.005811  0.011263  0.021488  0.030811  0.047344  0.061175  0.080744  0.111530  0.140101  0.166923  0.214096  0.253648  0.287690  0.317535  0.343858  0.367031  0.387472  0.405459  0.421209  0.446949  0.466452  0.481153  0.492302  0.500914  0.507615  0.512798  0.517643  0.521005  0.523305  0.524785  0.526427  0.527154  0.527703  0.527822  0.527872  0.527882
        338       0.005716  0.011190  0.021320  0.030562  0.046934  0.060617  0.079970  0.110398  0.138656  0.165156  0.211771  0.250772  0.284340  0.313745  0.339662  0.362485  0.382587  0.400279  0.415734  0.440876  0.459473  0.473030  0.482814  0.489934  0.495217  0.499199  0.502821  0.505341  0.507037  0.508209  0.509512  0.510141  0.510631  0.510779  0.510798  0.510798
        339       0.005716  0.011114  0.021170  0.030338  0.046568  0.060112  0.079279  0.109395  0.137357  0.163585  0.209676  0.248250  0.281404  0.310465  0.336049  0.358584  0.378422  0.395888  0.411167  0.435936  0.454214  0.467494  0.476983  0.483850  0.488863  0.492639  0.496043  0.498422  0.500070  0.501147  0.502400  0.503042  0.503519  0.503636  0.503675  0.503685
        340       0.005669  0.011055  0.021037  0.030138  0.046229  0.059669  0.078649  0.108496  0.136190  0.162159  0.207806  0.245991  0.278804  0.307549  0.332901  0.355205  0.374847  0.392137  0.407287  0.431906  0.450312  0.463877  0.473823  0.481200  0.486755  0.491004  0.494914  0.497600  0.499440  0.500691  0.502031  0.502682  0.503169  0.503315  0.503334  0.503344
        341       0.005616  0.010960  0.020872  0.029910  0.045846  0.059149  0.077938  0.107474  0.134840  0.160534  0.205631  0.243353  0.275746  0.304113  0.329091  0.351103  0.370452  0.387494  0.402403  0.426595  0.444431  0.457346  0.466534  0.473129  0.477955  0.481555  0.484788  0.487046  0.488575  0.489617  0.490814  0.491404  0.491831  0.491968  0.491995  0.491995
        342       0.005616  0.010883  0.020731  0.029683  0.045496  0.058658  0.077256  0.106498  0.133585  0.158996  0.203629  0.240873  0.272898  0.300914  0.325592  0.347332  0.366437  0.383261  0.397970  0.421828  0.439344  0.452030  0.460981  0.467269  0.471907  0.475307  0.478387  0.480506  0.481962  0.482943  0.484079  0.484699  0.485110  0.485215  0.485273  0.485273
        343       0.005527  0.010823  0.020581  0.029477  0.045170  0.058209  0.076627  0.105576  0.132416  0.157604  0.201771  0.238638  0.270297  0.298010  0.322395  0.343875  0.362778  0.379436  0.394002  0.417630  0.435100  0.447814  0.456885  0.463409  0.468236  0.471831  0.475071  0.477324  0.478852  0.479916  0.481096  0.481676  0.482143  0.482238  0.482295  0.482305
        344       0.005515  0.010758  0.020451  0.029274  0.044840  0.057775  0.076031  0.104708  0.131291  0.156230  0.199976  0.236435  0.267757  0.295168  0.319293  0.340547  0.359259  0.375712  0.390121  0.413557  0.430937  0.443673  0.452871  0.459529  0.464489  0.468235  0.471605  0.473982  0.475569  0.476646  0.477875  0.478439  0.478913  0.479024  0.479075  0.479075
        345       0.005509  0.010668  0.020311  0.029071  0.044505  0.057324  0.075396  0.103780  0.130109  0.154784  0.198042  0.234115  0.265061  0.292131  0.315961  0.336938  0.355415  0.371644  0.385870  0.408951  0.425935  0.438268  0.446977  0.453149  0.457657  0.460990  0.464008  0.466087  0.467494  0.468471  0.469580  0.470145  0.470550  0.470663  0.470700  0.470700
        346       0.005415  0.010603  0.020167  0.028860  0.044173  0.056851  0.074762  0.102867  0.128924  0.153350  0.196151  0.231813  0.262374  0.289118  0.312666  0.333393  0.351629  0.367685  0.381726  0.404524  0.421290  0.433393  0.441894  0.447878  0.452215  0.455391  0.458233  0.460226  0.461550  0.462484  0.463540  0.464073  0.464485  0.464588  0.464644  0.464644
        347       0.005415  0.010556  0.020037  0.028663  0.043854  0.056412  0.074165  0.102005  0.127798  0.151994  0.194359  0.229610  0.259880  0.286325  0.309595  0.330085  0.348122  0.363987  0.377899  0.400459  0.417089  0.429159  0.437653  0.443634  0.448007  0.451221  0.454111  0.456081  0.457463  0.458362  0.459420  0.459974  0.460350  0.460479  0.460509  0.460509
        348       0.005397  0.010454  0.019909  0.028466  0.043528  0.055973  0.073545  0.101134  0.126678  0.150631  0.192557  0.227440  0.257332  0.283479  0.306485  0.326733  0.344564  0.360236  0.373966  0.396263  0.412721  0.424594  0.432930  0.438806  0.443020  0.446149  0.448947  0.450866  0.452150  0.453047  0.454075  0.454594  0.455001  0.455094  0.455122  0.455150
        349       0.005314  0.010404  0.019763  0.028271  0.043221  0.055566  0.072947  0.100283  0.125570  0.149283  0.190790  0.225318  0.254836  0.280673  0.303413  0.323430  0.341048  0.356532  0.370095  0.392108  0.408297  0.419986  0.428171  0.433874  0.438001  0.440998  0.443673  0.445535  0.446785  0.447675  0.448663  0.449182  0.449574  0.449691  0.449721  0.449721
        350       0.005314  0.010353  0.019642  0.028084  0.042914  0.055143  0.072383  0.099454  0.124515  0.148007  0.189089  0.223206  0.252460  0.278012  0.300497  0.320283  0.337713  0.353012  0.366428  0.388212  0.404244  0.415828  0.423931  0.429582  0.433681  0.436656  0.439319  0.441173  0.442418  0.443284  0.444277  0.444755  0.445155  0.445292  0.445311  0.445311
        351       0.005302  0.010258  0.019519  0.027897  0.042607  0.054730  0.071818  0.098619  0.123445  0.146714  0.187379  0.221146  0.250054  0.275320  0.297550  0.317115  0.334338  0.349474  0.362735  0.384297  0.400205  0.411735  0.419856  0.425566  0.429716  0.432767  0.435473  0.437357  0.438633  0.439500  0.440513  0.440980  0.441409  0.441510  0.441537  0.441537
        352       0.005214  0.010208  0.019380  0.027712  0.042301  0.054304  0.071228  0.097785  0.122358  0.145394  0.185645  0.219082  0.247620  0.272596  0.294564  0.313889  0.330920  0.345876  0.358972  0.380273  0.395991  0.407358  0.415345  0.420956  0.424963  0.427941  0.430591  0.432390  0.433633  0.434472  0.435448  0.435950  0.436337  0.436424  0.436443  0.436472
        353       0.005214  0.010151  0.019253  0.027525  0.042001  0.053902  0.070671  0.096979  0.121328  0.144137  0.183975  0.216975  0.245285  0.269973  0.291690  0.310797  0.327628  0.342420  0.355354  0.376422  0.391960  0.403186  0.411037  0.416529  0.420480  0.423359  0.425929  0.427692  0.428910  0.429716  0.430687  0.431158  0.431533  0.431658  0.431678  0.431678
        354       0.005214  0.010069  0.019138  0.027339  0.041708  0.053506  0.070121  0.096187  0.120298  0.142897  0.182339  0.214989  0.242980  0.267398  0.288874  0.307766  0.324389  0.339046  0.351847  0.372695  0.388092  0.399266  0.407085  0.412537  0.416482  0.419377  0.421938  0.423721  0.424925  0.425748  0.426686  0.427155  0.427529  0.427644  0.427663  0.427663
        355       0.005113  0.010025  0.019017  0.027159  0.041415  0.053111  0.069578  0.095390  0.119283  0.141643  0.180720  0.213008  0.240687  0.264829  0.286067  0.304752  0.321187  0.335613  0.348317  0.368910  0.384120  0.395128  0.402840  0.408213  0.412093  0.414938  0.417459  0.419177  0.420366  0.421137  0.422081  0.422538  0.422948  0.423044  0.423082  0.423091
        356       0.005113  0.009949  0.018897  0.026988  0.041135  0.052733  0.069043  0.094640  0.118311  0.140481  0.179151  0.211199  0.238511  0.262387  0.283389  0.301871  0.318123  0.332428  0.344935  0.365341  0.380431  0.391355  0.399016  0.404376  0.408249  0.411081  0.413588  0.415324  0.416496  0.417305  0.418216  0.418672  0.419037  0.419158  0.419179  0.419179
        357       0.005113  0.009899  0.018782  0.026813  0.040855  0.052353  0.068526  0.093885  0.117342  0.139298  0.177618  0.209302  0.236348  0.259962  0.280731  0.299013  0.315088  0.329216  0.341619  0.361813  0.376759  0.387613  0.395221  0.400552  0.404403  0.407207  0.409756  0.411471  0.412669  0.413463  0.414380  0.414834  0.415194  0.415307  0.415317  0.415317
        358       0.005046  0.009848  0.018660  0.026638  0.040586  0.051974  0.068008  0.093139  0.116369  0.138136  0.176069  0.207393  0.234171  0.257528  0.278075  0.296144  0.312039  0.326044  0.338274  0.358229  0.372998  0.383694  0.391178  0.396386  0.400169  0.402918  0.405375  0.407056  0.408209  0.408981  0.409875  0.410317  0.410699  0.410789  0.410819  0.410829
        359       0.005013  0.009766  0.018546  0.026472  0.040301  0.051603  0.067496  0.092396  0.115425  0.136980  0.174539  0.205588  0.232042  0.255142  0.275449  0.293323  0.309042  0.322869  0.334983  0.354704  0.369317  0.379907  0.387309  0.392469  0.396196  0.398921  0.401345  0.403018  0.404132  0.404900  0.405800  0.406231  0.406606  0.406700  0.406710  0.406719
        360       0.005013  0.009741  0.018429  0.026296  0.040031  0.051237  0.066988  0.091662  0.114476  0.135843  0.173037  0.203733  0.229933  0.252778  0.272868  0.290531  0.306090  0.319765  0.331741  0.351271  0.365745  0.376246  0.383616  0.388746  0.392470  0.395178  0.397596  0.399244  0.400378  0.401164  0.402031  0.402460  0.402829  0.402928  0.402958  0.402958
        361       0.004981  0.009646  0.018317  0.026132  0.039768  0.050872  0.066474  0.090930  0.113540  0.134696  0.171537  0.201933  0.227819  0.250418  0.270284  0.287774  0.303126  0.316656  0.328504  0.347830  0.362154  0.372541  0.379834  0.384900  0.388580  0.391257  0.393654  0.395295  0.396409  0.397171  0.398027  0.398465  0.398828  0.398912  0.398940  0.398949
        362       0.004912  0.009613  0.018205  0.025974  0.039490  0.050508  0.065976  0.090217  0.112609  0.133577  0.170053  0.200127  0.225739  0.248085  0.267731  0.285019  0.300214  0.313588  0.325278  0.344398  0.358582  0.368873  0.376091  0.381094  0.384732  0.387370  0.389739  0.391355  0.392440  0.393201  0.394060  0.394486  0.394832  0.394931  0.394951  0.394951
        363       0.004912  0.009545  0.018096  0.025797  0.039240  0.050164  0.065492  0.089516  0.111714  0.132481  0.168624  0.198386  0.223735  0.245849  0.265286  0.282363  0.297400  0.310628  0.322237  0.341102  0.355133  0.365341  0.372437  0.377393  0.380977  0.383586  0.385908  0.387507  0.388598  0.389326  0.390192  0.390596  0.390941  0.391040  0.391079  0.391079
        364       0.004912  0.009492  0.017987  0.025660  0.038976  0.049807  0.065015  0.088838  0.110835  0.131416  0.167212  0.196680  0.221769  0.243635  0.262855  0.279758  0.294631  0.307722  0.319186  0.337891  0.351801  0.361927  0.368998  0.373928  0.377500  0.380129  0.382442  0.384056  0.385153  0.385888  0.386702  0.387134  0.387497  0.387576  0.387586  0.387586
        365       0.004838  0.009444  0.017886  0.025482  0.038734  0.049470  0.064546  0.088154  0.109956  0.130359  0.165811  0.194977  0.219791  0.241435  0.260447  0.277169  0.291886  0.304824  0.316182  0.334699  0.348489  0.358524  0.365552  0.370446  0.374005  0.376596  0.378921  0.380538  0.381583  0.382325  0.383185  0.383567  0.383919  0.383997  0.384046  0.384056
        366       0.004812  0.009377  0.017777  0.025338  0.038471  0.049120  0.064069  0.087470  0.109071  0.129297  0.164411  0.193277  0.217833  0.239239  0.258054  0.274577  0.289123  0.301925  0.313141  0.331462  0.345057  0.354962  0.361869  0.366687  0.370156  0.372679  0.374946  0.376499  0.377548  0.378278  0.379096  0.379466  0.379846  0.379905  0.379924  0.379934
        367       0.004812  0.009344  0.017669  0.025174  0.038228  0.048784  0.063593  0.086800  0.108224  0.128243  0.163029  0.191605  0.215920  0.237082  0.255684  0.272036  0.286430  0.299080  0.310191  0.328328  0.341796  0.351631  0.358496  0.363278  0.366735  0.369259  0.371528  0.373085  0.374121  0.374829  0.375644  0.376052  0.376372  0.376470  0.376499  0.376499
        368       0.004812  0.009264  0.017568  0.025039  0.037984  0.048455  0.063153  0.086149  0.107363  0.127241  0.161704  0.189994  0.214033  0.234999  0.253409  0.269590  0.283823  0.296348  0.307331  0.325245  0.338605  0.348332  0.355146  0.359864  0.363278  0.365757  0.367984  0.369491  0.370557  0.371229  0.372058  0.372462  0.372773  0.372877  0.372898  0.372898
        369       0.004711  0.009243  0.017465  0.024873  0.037743  0.048133  0.062706  0.085514  0.106554  0.126244  0.160380  0.188412  0.212204  0.232933  0.251157  0.267165  0.281258  0.293646  0.304507  0.322237  0.335473  0.345123  0.351849  0.356542  0.359918  0.362396  0.364592  0.366100  0.367149  0.367823  0.368632  0.369027  0.369345  0.369442  0.369461  0.369461
        370       0.004711  0.009155  0.017363  0.024737  0.037494  0.047798  0.062237  0.084854  0.105724  0.125223  0.159043  0.186763  0.210351  0.230831  0.248846  0.264678  0.278612  0.290860  0.301610  0.319141  0.332252  0.341758  0.348433  0.353062  0.356389  0.358830  0.361008  0.362511  0.363517  0.364218  0.364986  0.365389  0.365696  0.365802  0.365821  0.365821
        371       0.004711  0.009142  0.017255  0.024571  0.037264  0.047481  0.061807  0.084228  0.104916  0.124236  0.157732  0.185211  0.208563  0.228802  0.246622  0.262302  0.276083  0.288206  0.298849  0.316229  0.329199  0.338675  0.345291  0.349922  0.353242  0.355686  0.357870  0.359383  0.360386  0.361062  0.361862  0.362252  0.362570  0.362642  0.362683  0.362683
        372       0.004691  0.009054  0.017160  0.024436  0.037024  0.047161  0.061372  0.083599  0.104109  0.123253  0.156467  0.183642  0.206729  0.226809  0.244435  0.259929  0.273560  0.285578  0.296100  0.313305  0.326155  0.335557  0.342143  0.346706  0.350030  0.352446  0.354620  0.356104  0.357113  0.357799  0.358572  0.358944  0.359259  0.359364  0.359374  0.359374
        373       0.004611  0.009041  0.017059  0.024278  0.036790  0.046852  0.060934  0.082970  0.103307  0.122289  0.155193  0.182104  0.204874  0.224788  0.242244  0.257578  0.271068  0.282931  0.293336  0.310366  0.323092  0.332351  0.338845  0.343356  0.346613  0.349011  0.351119  0.352581  0.353568  0.354239  0.355013  0.355400  0.355706  0.355767  0.355777  0.355798
        374       0.004611  0.008954  0.016965  0.024146  0.036568  0.046545  0.060524  0.082373  0.102531  0.121361  0.153967  0.180623  0.203210  0.222885  0.240144  0.255316  0.268673  0.280423  0.290715  0.307554  0.320146  0.329348  0.335752  0.340199  0.343436  0.345785  0.347877  0.349335  0.350318  0.350946  0.351738  0.352083  0.352388  0.352470  0.352500  0.352500
        375       0.004611  0.008940  0.016870  0.024015  0.036345  0.046246  0.060114  0.081784  0.101756  0.120442  0.152752  0.179152  0.201566  0.221003  0.238085  0.253106  0.266321  0.277949  0.288149  0.304828  0.317336  0.326482  0.332879  0.337333  0.340551  0.342913  0.345029  0.346462  0.347452  0.348130  0.348869  0.349254  0.349557  0.349639  0.349679  0.349679
        376       0.004603  0.008861  0.016776  0.023868  0.036131  0.045947  0.059697  0.081195  0.101013  0.119524  0.151546  0.177701  0.199854  0.219125  0.236039  0.250900  0.263975  0.275481  0.285570  0.302119  0.314505  0.323595  0.329954  0.334384  0.337593  0.339948  0.342058  0.343517  0.344504  0.345140  0.345917  0.346250  0.346553  0.346624  0.346664  0.346664
        377       0.004510  0.008839  0.016688  0.023729  0.035908  0.045655  0.059288  0.080606  0.100262  0.118607  0.150350  0.176251  0.198146  0.217241  0.233979  0.248681  0.261615  0.272991  0.282988  0.299311  0.311565  0.320491  0.326750  0.331087  0.334225  0.336512  0.338564  0.339968  0.340912  0.341565  0.342289  0.342671  0.342963  0.343034  0.343054  0.343064
        378       0.004510  0.008774  0.016594  0.023605  0.035694  0.045364  0.058886  0.080033  0.099497  0.117706  0.149163  0.174813  0.196528  0.215379  0.231950  0.246504  0.259298  0.270563  0.280442  0.296617  0.308750  0.317611  0.323793  0.328087  0.331206  0.333457  0.335493  0.336892  0.337833  0.338454  0.339186  0.339557  0.339848  0.339928  0.339948  0.339948
        379       0.004510  0.008738  0.016500  0.023459  0.035472  0.045072  0.058485  0.079461  0.098771  0.116823  0.147995  0.173393  0.194860  0.213565  0.229943  0.244358  0.257024  0.268178  0.277949  0.293988  0.306040  0.314867  0.321052  0.325334  0.328464  0.330739  0.332789  0.334185  0.335143  0.335782  0.336532  0.336862  0.337152  0.337243  0.337263  0.337263
        380       0.004510  0.008688  0.016413  0.023327  0.035250  0.044781  0.058091  0.078881  0.098046  0.115932  0.146828  0.171984  0.193273  0.211744  0.227959  0.242199  0.254745  0.265771  0.275462  0.291327  0.303270  0.311994  0.318131  0.322402  0.325473  0.327750  0.329755  0.331146  0.332102  0.332729  0.333467  0.333816  0.334095  0.334175  0.334195  0.334205
        381       0.004424  0.008637  0.016325  0.023203  0.035043  0.044482  0.057682  0.078317  0.097306  0.115042  0.145662  0.170577  0.191619  0.209919  0.225978  0.240081  0.252471  0.263389  0.272981  0.288673  0.300488  0.309129  0.315190  0.319389  0.322431  0.324662  0.326641  0.328028  0.328970  0.329576  0.330281  0.330659  0.330938  0.330997  0.331017  0.331017
        382       0.004410  0.008601  0.016231  0.023057  0.034828  0.044191  0.057289  0.077745  0.096582  0.114169  0.144506  0.169171  0.190011  0.208105  0.224010  0.237949  0.250230  0.261031  0.270497  0.286036  0.297713  0.306273  0.312248  0.316405  0.319399  0.321593  0.323556  0.324909  0.325819  0.326453  0.327156  0.327473  0.327750  0.327850  0.327879  0.327879
        383       0.004410  0.008536  0.016129  0.022930  0.034623  0.043936  0.056920  0.077213  0.095884  0.113332  0.143400  0.167836  0.188491  0.206409  0.222125  0.235946  0.248087  0.258771  0.268161  0.283557  0.295135  0.303613  0.309571  0.313689  0.316704  0.318882  0.320841  0.322167  0.323081  0.323687  0.324399  0.324719  0.324995  0.325091  0.325123  0.325134
        384       0.004410  0.008529  0.016050  0.022808  0.034421  0.043646  0.056540  0.076673  0.095198  0.112505  0.142313  0.166527  0.186967  0.204734  0.220273  0.233943  0.245964  0.256543  0.265837  0.281075  0.292580  0.301018  0.306923  0.311019  0.314016  0.316180  0.318131  0.319477  0.320412  0.321003  0.321682  0.322047  0.322323  0.322372  0.322412  0.322421
        385       0.004363  0.008435  0.015965  0.022686  0.034225  0.043381  0.056172  0.076142  0.094514  0.111671  0.141227  0.165210  0.185440  0.202973  0.218414  0.231942  0.243857  0.254317  0.263515  0.278605  0.289992  0.298344  0.304208  0.308251  0.311208  0.313342  0.315269  0.316620  0.317496  0.318131  0.318818  0.319136  0.319411  0.319506  0.319506  0.319506
        386       0.004309  0.008435  0.015883  0.022560  0.034022  0.043109  0.055800  0.075609  0.093840  0.110852  0.140141  0.163898  0.183931  0.201321  0.216567  0.229970  0.241744  0.252113  0.261207  0.276149  0.287396  0.295666  0.301443  0.305468  0.308351  0.310483  0.312375  0.313684  0.314574  0.315161  0.315837  0.316160  0.316425  0.316513  0.316532  0.316532
        387       0.004309  0.008358  0.015801  0.022427  0.033819  0.042843  0.055431  0.075088  0.093162  0.110038  0.139076  0.162618  0.182445  0.199671  0.214756  0.228011  0.239674  0.249922  0.258950  0.273729  0.284917  0.293133  0.298873  0.302874  0.305762  0.307895  0.309802  0.311092  0.311996  0.312584  0.313258  0.313594  0.313837  0.313921  0.313942  0.313952
        388       0.004309  0.008335  0.015723  0.022309  0.033628  0.042586  0.055074  0.074583  0.092512  0.109257  0.138051  0.161361  0.181015  0.198085  0.213012  0.226129  0.237672  0.247840  0.256760  0.271415  0.282475  0.290630  0.296324  0.300284  0.303134  0.305240  0.307111  0.308408  0.309288  0.309886  0.310536  0.310851  0.311124  0.311197  0.311218  0.311239
        389       0.004309  0.008296  0.015621  0.022191  0.033437  0.042330  0.054732  0.074077  0.091879  0.108485  0.137045  0.160151  0.179605  0.196502  0.211281  0.224288  0.235713  0.245763  0.254604  0.269117  0.280101  0.288195  0.293834  0.297753  0.300617  0.302697  0.304562  0.305888  0.306734  0.307320  0.307979  0.308314  0.308555  0.308639  0.308649  0.308649
        390       0.004224  0.008234  0.015551  0.022073  0.033247  0.042073  0.054391  0.073589  0.091238  0.107722  0.136022  0.158924  0.178207  0.194921  0.209563  0.222442  0.233748  0.243709  0.252444  0.266834  0.277722  0.285715  0.291330  0.295218  0.298033  0.300087  0.301958  0.303228  0.304082  0.304667  0.305334  0.305627  0.305888  0.305971  0.305992  0.305992
        391       0.004209  0.008234  0.015473  0.021962  0.033072  0.041832  0.054050  0.073100  0.090607  0.106943  0.135018  0.157716  0.176801  0.193342  0.207876  0.220599  0.231806  0.241660  0.250337  0.264597  0.275368  0.283343  0.288903  0.292762  0.295570  0.297681  0.299485  0.300793  0.301635  0.302239  0.302863  0.303186  0.303457  0.303509  0.303530  0.303530
        392       0.004209  0.008141  0.015403  0.021837  0.032881  0.041567  0.053701  0.072604  0.089975  0.106190  0.134024  0.156510  0.175407  0.191766  0.206164  0.218788  0.229878  0.239635  0.248215  0.262314  0.273001  0.280864  0.286370  0.290198  0.292978  0.295011  0.296811  0.298105  0.298945  0.299495  0.300149  0.300450  0.300710  0.300783  0.300804  0.300804
        393       0.004209  0.008133  0.015317  0.021719  0.032682  0.041327  0.053360  0.072108  0.089344  0.105446  0.133039  0.155305  0.174042  0.190267  0.204463  0.216970  0.227934  0.237603  0.246078  0.260047  0.270608  0.278382  0.283813  0.287590  0.290301  0.292298  0.294082  0.295311  0.296138  0.296707  0.297339  0.297650  0.297888  0.297960  0.297981  0.297991
        394       0.004209  0.008086  0.015223  0.021601  0.032507  0.041078  0.053019  0.071636  0.088722  0.104668  0.132047  0.154111  0.172661  0.188742  0.202832  0.215175  0.226042  0.235596  0.244004  0.257825  0.268292  0.276007  0.281404  0.285142  0.287836  0.289828  0.291577  0.292793  0.293597  0.294165  0.294805  0.295094  0.295342  0.295435  0.295456  0.295466
        395       0.004108  0.008032  0.015153  0.021491  0.032325  0.040830  0.052679  0.071149  0.088117  0.103943  0.131090  0.152945  0.171318  0.187220  0.201137  0.213403  0.224173  0.233650  0.241964  0.255667  0.266091  0.273789  0.279154  0.282904  0.285623  0.287621  0.289386  0.290630  0.291484  0.292030  0.292638  0.292968  0.293215  0.293267  0.293277  0.293277
        396       0.004108  0.008032  0.015082  0.021373  0.032142  0.040590  0.052330  0.070670  0.087504  0.103209  0.130109  0.151771  0.169967  0.185727  0.199549  0.211633  0.222279  0.231660  0.239889  0.253444  0.263735  0.271334  0.276625  0.280314  0.282965  0.284917  0.286647  0.287856  0.288688  0.289232  0.289828  0.290147  0.290383  0.290455  0.290476  0.290476
        397       0.004108  0.007931  0.015012  0.021266  0.031964  0.040353  0.052030  0.070226  0.086920  0.102476  0.129179  0.150648  0.168675  0.184273  0.197902  0.209939  0.220501  0.229780  0.237929  0.251372  0.261592  0.269122  0.274404  0.278051  0.280717  0.282628  0.284354  0.285584  0.286383  0.286927  0.287549  0.287849  0.288082  0.288138  0.288171  0.288171
        398       0.004108  0.007931  0.014918  0.021161  0.031792  0.040117  0.051698  0.069771  0.086337  0.101786  0.128271  0.149554  0.167409  0.182842  0.196380  0.208293  0.218721  0.227924  0.236014  0.249339  0.259488  0.266985  0.272263  0.275906  0.278534  0.280508  0.282261  0.283445  0.284262  0.284825  0.285428  0.285705  0.285960  0.286042  0.286053  0.286063
        399       0.004108  0.007898  0.014851  0.021045  0.031628  0.039885  0.051390  0.069296  0.085758  0.101092  0.127351  0.148442  0.166133  0.181452  0.194860  0.206604  0.216944  0.226064  0.234068  0.247255  0.257315  0.264736  0.269919  0.273527  0.276149  0.278073  0.279791  0.280982  0.281788  0.282319  0.282916  0.283214  0.283424  0.283513  0.283513  0.283524
        400       0.004023  0.007831  0.014786  0.020941  0.031443  0.039661  0.051067  0.068847  0.085181  0.100398  0.126453  0.147358  0.164875  0.180047  0.193342  0.204973  0.215223  0.224240  0.232175  0.245261  0.255240  0.262644  0.267819  0.271435  0.274042  0.275976  0.277711  0.278910  0.279724  0.280253  0.280854  0.281139  0.281384  0.281445  0.281445  0.281445
        401       0.004008  0.007831  0.014708  0.020832  0.031276  0.039434  0.050767  0.068404  0.084614  0.099710  0.125535  0.146269  0.163627  0.178638  0.191827  0.203320  0.213461  0.222404  0.230242  0.243197  0.253077  0.260391  0.265497  0.269057  0.271612  0.273516  0.275216  0.276401  0.277193  0.277710  0.278304  0.278590  0.278821  0.278877  0.278899  0.278899
        402       0.004008  0.007761  0.014622  0.020729  0.031110  0.039197  0.050443  0.067958  0.084051  0.099022  0.124639  0.145186  0.162374  0.177242  0.190313  0.201683  0.211728  0.220560  0.228330  0.241131  0.250900  0.258113  0.263135  0.266613  0.269127  0.270981  0.272617  0.273769  0.274538  0.275044  0.275612  0.275926  0.276139  0.276210  0.276220  0.276220
        403       0.004008  0.007730  0.014555  0.020619  0.030932  0.038966  0.050136  0.067539  0.083481  0.098339  0.123751  0.144101  0.161138  0.175872  0.188803  0.200099  0.210011  0.218768  0.226462  0.239146  0.248835  0.256011  0.260997  0.264465  0.266965  0.268828  0.270443  0.271601  0.272367  0.272881  0.273450  0.273724  0.273965  0.274031  0.274042  0.274042
        404       0.004008  0.007730  0.014505  0.020517  0.030769  0.038758  0.049847  0.067120  0.082947  0.097723  0.122902  0.143082  0.159963  0.174562  0.187354  0.198512  0.208378  0.217058  0.224686  0.237274  0.246913  0.254011  0.259008  0.262448  0.264964  0.266791  0.268457  0.269602  0.270355  0.270858  0.271448  0.271743  0.271951  0.272006  0.272017  0.272017
        405       0.003949  0.007637  0.014403  0.020415  0.030614  0.038542  0.049558  0.066692  0.082413  0.097062  0.122064  0.142053  0.158800  0.173253  0.185908  0.197009  0.206768  0.215361  0.222935  0.235385  0.244942  0.251993  0.256948  0.260391  0.262870  0.264682  0.266334  0.267498  0.268228  0.268740  0.269329  0.269602  0.269809  0.269886  0.269897  0.269897
        406       0.003908  0.007629  0.014344  0.020313  0.030451  0.038325  0.049260  0.066273  0.081879  0.096401  0.121208  0.141045  0.157629  0.171946  0.184464  0.195468  0.205150  0.213647  0.221114  0.233457  0.242879  0.249830  0.254709  0.258069  0.260489  0.262263  0.263857  0.264953  0.265703  0.266203  0.266747  0.267019  0.267248  0.267280  0.267302  0.267302
        407       0.003908  0.007614  0.014286  0.020211  0.030293  0.038109  0.048956  0.065852  0.081327  0.095757  0.120344  0.140005  0.156420  0.170606  0.183008  0.193949  0.203463  0.211890  0.219305  0.231515  0.240867  0.247791  0.252602  0.255965  0.258382  0.260147  0.261724  0.262814  0.263545  0.264056  0.264607  0.264867  0.265098  0.265138  0.265148  0.265148
        408       0.003908  0.007528  0.014200  0.020101  0.030116  0.037892  0.048665  0.065437  0.080794  0.095099  0.119506  0.138975  0.155242  0.169287  0.181582  0.192382  0.201861  0.210207  0.217545  0.229707  0.239029  0.245943  0.250804  0.254194  0.256657  0.258458  0.260121  0.261257  0.262014  0.262513  0.263065  0.263347  0.263564  0.263618  0.263629  0.263629
        409       0.003908  0.007528  0.014136  0.020008  0.029981  0.037674  0.048379  0.065033  0.080274  0.094501  0.118702  0.138030  0.154148  0.168074  0.180226  0.190918  0.200326  0.208591  0.215863  0.227893  0.237116  0.243961  0.248753  0.252081  0.254494  0.256289  0.257841  0.258983  0.259737  0.260208  0.260786  0.261046  0.261235  0.261318  0.261329  0.261329
        410       0.003908  0.007503  0.014090  0.019914  0.029806  0.037477  0.048114  0.064654  0.079801  0.093908  0.117939  0.137090  0.153073  0.166881  0.178947  0.189527  0.198837  0.207034  0.214225  0.226148  0.235332  0.242156  0.246935  0.250258  0.252680  0.254451  0.256054  0.257164  0.257918  0.258425  0.258954  0.259224  0.259440  0.259494  0.259505  0.259505
        411       0.003807  0.007428  0.013998  0.019812  0.029669  0.037269  0.047826  0.064236  0.079260  0.093267  0.117105  0.136097  0.151938  0.165592  0.177533  0.188078  0.197252  0.205365  0.212492  0.224280  0.233331  0.240035  0.244718  0.247970  0.250322  0.252025  0.253571  0.254613  0.255365  0.255839  0.256377  0.256636  0.256819  0.256905  0.256927  0.256927
        412       0.003807  0.007428  0.013938  0.019718  0.029497  0.037062  0.047546  0.063845  0.078764  0.092655  0.116300  0.135133  0.150823  0.164364  0.176200  0.186631  0.195711  0.203750  0.210814  0.222498  0.231480  0.238151  0.242794  0.246039  0.248365  0.250097  0.251607  0.252712  0.253409  0.253882  0.254419  0.254677  0.254903  0.254935  0.254968  0.254968
        413       0.003807  0.007394  0.013888  0.019616  0.029360  0.036854  0.047266  0.063446  0.078259  0.092060  0.115514  0.134170  0.149729  0.163137  0.174889  0.185186  0.194212  0.202157  0.209169  0.220792  0.229759  0.236440  0.241148  0.244410  0.246817  0.248579  0.250151  0.251254  0.252004  0.252508  0.253023  0.253281  0.253485  0.253538  0.253560  0.253560
        414       0.003807  0.007327  0.013795  0.019526  0.029195  0.036655  0.046987  0.063066  0.077765  0.091458  0.114738  0.133241  0.148648  0.161952  0.173564  0.183803  0.192736  0.200593  0.207527  0.219004  0.227825  0.234388  0.238984  0.242153  0.244448  0.246156  0.247657  0.248694  0.249418  0.249884  0.250398  0.250655  0.250865  0.250912  0.250924  0.250924
        415       0.003807  0.007327  0.013744  0.019429  0.029060  0.036457  0.046725  0.062674  0.077277  0.090864  0.113962  0.132323  0.147601  0.160766  0.172272  0.182422  0.191241  0.199061  0.205918  0.217296  0.226023  0.232521  0.237063  0.240173  0.242443  0.244112  0.245581  0.246615  0.247340  0.247767  0.248280  0.248525  0.248771  0.248782  0.248803  0.248803
        416       0.003798  0.007299  0.013693  0.019340  0.028905  0.036277  0.046463  0.062301  0.076793  0.090293  0.113209  0.131404  0.146551  0.159603  0.171015  0.181042  0.189830  0.197531  0.204344  0.215581  0.224246  0.230683  0.235136  0.238223  0.240463  0.242083  0.243532  0.244541  0.245250  0.245691  0.246203  0.246459  0.246668  0.246715  0.246715  0.246715
        417       0.003707  0.007226  0.013600  0.019251  0.028760  0.036076  0.046192  0.061929  0.076323  0.089724  0.112469  0.130517  0.145527  0.158459  0.169761  0.179665  0.188380  0.196055  0.202779  0.213946  0.222550  0.228963  0.233436  0.236514  0.238744  0.240385  0.241859  0.242879  0.243559  0.244027  0.244537  0.244793  0.244974  0.245048  0.245048  0.245048
        418       0.003707  0.007226  0.013564  0.019164  0.028624  0.035882  0.045939  0.061566  0.075851  0.089149  0.111724  0.129612  0.144490  0.157303  0.168515  0.178290  0.186932  0.194556  0.201238  0.212316  0.220862  0.227220  0.231691  0.234756  0.237000  0.238638  0.240105  0.241122  0.241794  0.242268  0.242778  0.243033  0.243219  0.243288  0.243288  0.243288
        419       0.003707  0.007209  0.013491  0.019064  0.028468  0.035688  0.045678  0.061193  0.075379  0.088585  0.110978  0.128743  0.143466  0.156167  0.167265  0.177016  0.185547  0.193049  0.199702  0.210670  0.219162  0.225490  0.229916  0.232973  0.235185  0.236820  0.238299  0.239315  0.239993  0.240459  0.240958  0.241212  0.241382  0.241467  0.241467  0.241467
        420       0.003707  0.007125  0.013426  0.018979  0.028334  0.035495  0.045416  0.060831  0.074910  0.088017  0.110251  0.127833  0.142465  0.155050  0.166033  0.175664  0.184163  0.191612  0.198163  0.209061  0.217478  0.223746  0.228156  0.231210  0.233401  0.235044  0.236517  0.237542  0.238211  0.238673  0.239169  0.239400  0.239585  0.239654  0.239677  0.239677
        421       0.003707  0.007125  0.013389  0.018877  0.028184  0.035316  0.045169  0.060474  0.074459  0.087481  0.109541  0.126997  0.141490  0.153967  0.164864  0.174408  0.182842  0.190192  0.196701  0.207494  0.215863  0.222099  0.226444  0.229459  0.231668  0.233286  0.234745  0.235757  0.236413  0.236897  0.237369  0.237588  0.237796  0.237819  0.237842  0.237853
        422       0.003707  0.007125  0.013288  0.018794  0.028053  0.035137  0.044912  0.060126  0.074018  0.086955  0.108862  0.126172  0.140538  0.152908  0.163707  0.173164  0.181522  0.188830  0.195263  0.205974  0.214296  0.220488  0.224838  0.227848  0.230042  0.231668  0.233102  0.234113  0.234814  0.235239  0.235745  0.235987  0.236171  0.236240  0.236252  0.236252
        423       0.003615  0.007033  0.013254  0.018707  0.027919  0.034954  0.044675  0.059768  0.073557  0.086393  0.108124  0.125299  0.139540  0.151792  0.162499  0.171876  0.180144  0.187354  0.193767  0.204393  0.212606  0.218768  0.223091  0.226096  0.228282  0.229874  0.231323  0.232342  0.232994  0.233457  0.233952  0.234194  0.234373  0.234426  0.234447  0.234447
        424       0.003606  0.007025  0.013187  0.018618  0.027773  0.034751  0.044408  0.059412  0.073108  0.085845  0.107423  0.124430  0.138562  0.150696  0.161300  0.170605  0.178768  0.185968  0.192317  0.202851  0.211058  0.217229  0.221543  0.224565  0.226764  0.228419  0.229882  0.230947  0.231634  0.232081  0.232586  0.232815  0.233010  0.233056  0.233068  0.233068
        425       0.003606  0.007025  0.013122  0.018534  0.027633  0.034582  0.044170  0.059065  0.072659  0.085320  0.106715  0.123596  0.137581  0.149629  0.160137  0.169366  0.177453  0.184524  0.190830  0.201226  0.209297  0.215333  0.219548  0.222462  0.224565  0.226148  0.227528  0.228510  0.229162  0.229608  0.230077  0.230306  0.230512  0.230557  0.230557  0.230557
        426       0.003606  0.006951  0.013085  0.018451  0.027502  0.034403  0.043933  0.058718  0.072229  0.084786  0.106027  0.122784  0.136643  0.148584  0.158996  0.168107  0.176141  0.183202  0.189390  0.199704  0.207706  0.213655  0.217862  0.220749  0.222848  0.224360  0.225726  0.226707  0.227346  0.227756  0.228247  0.228487  0.228659  0.228727  0.228739  0.228739
        427       0.003606  0.006924  0.012993  0.018368  0.027371  0.034224  0.043686  0.058390  0.071799  0.084281  0.105371  0.121983  0.135747  0.147572  0.157877  0.166935  0.174851  0.181882  0.188018  0.198318  0.206320  0.212282  0.216529  0.219435  0.221588  0.223178  0.224622  0.225624  0.226273  0.226730  0.227174  0.227403  0.227619  0.227654  0.227654  0.227654
        428       0.003606  0.006924  0.012974  0.018276  0.027238  0.034053  0.043461  0.058064  0.071389  0.083784  0.104727  0.121208  0.134847  0.146565  0.156806  0.165759  0.173699  0.180611  0.186691  0.196855  0.204776  0.210684  0.214853  0.217733  0.219824  0.221345  0.222756  0.223731  0.224369  0.224807  0.225258  0.225509  0.225684  0.225747  0.225747  0.225759
        429       0.003561  0.006887  0.012883  0.018201  0.027110  0.033886  0.043230  0.057735  0.070969  0.083283  0.104068  0.120433  0.133947  0.145583  0.155719  0.164607  0.172450  0.179246  0.185355  0.195352  0.203163  0.208994  0.213047  0.215863  0.217873  0.219378  0.220703  0.221633  0.222258  0.222666  0.223132  0.223348  0.223530  0.223587  0.223587  0.223587
        430       0.003506  0.006823  0.012846  0.018118  0.026988  0.033717  0.042993  0.057398  0.070559  0.082779  0.103423  0.119644  0.133054  0.144574  0.154625  0.163439  0.171177  0.178018  0.184043  0.193982  0.201816  0.207673  0.211788  0.214634  0.216721  0.218280  0.219661  0.220647  0.221282  0.221724  0.222178  0.222405  0.222598  0.222655  0.222655  0.222655
        431       0.003506  0.006823  0.012781  0.018034  0.026848  0.033538  0.042765  0.057071  0.070130  0.082276  0.102758  0.118855  0.132140  0.143566  0.153533  0.162262  0.169958  0.176694  0.182602  0.192537  0.200271  0.206063  0.210149  0.212968  0.215029  0.216563  0.217941  0.218880  0.219514  0.219944  0.220397  0.220635  0.220805  0.220839  0.220851  0.220862
        432       0.003506  0.006823  0.012717  0.017960  0.026717  0.033369  0.042528  0.056734  0.069711  0.081753  0.102083  0.118047  0.131217  0.142538  0.152399  0.161055  0.168655  0.175306  0.181282  0.191039  0.198639  0.204355  0.208367  0.211114  0.213126  0.214589  0.215920  0.216834  0.217444  0.217851  0.218314  0.218552  0.218699  0.218767  0.218778  0.218789
        433       0.003506  0.006733  0.012680  0.017859  0.026601  0.033195  0.042313  0.056433  0.069307  0.081286  0.101479  0.117309  0.130382  0.141610  0.151393  0.159969  0.167508  0.174175  0.180024  0.189769  0.197342  0.203059  0.207086  0.209894  0.211969  0.213466  0.214828  0.215783  0.216416  0.216826  0.217286  0.217509  0.217683  0.217746  0.217746  0.217746
        434       0.003506  0.006723  0.012606  0.017784  0.026475  0.033040  0.042082  0.056118  0.068921  0.080816  0.100845  0.116575  0.129539  0.140653  0.150368  0.158879  0.166334  0.172926  0.178714  0.188391  0.195971  0.201693  0.205717  0.208524  0.210564  0.212069  0.213452  0.214454  0.215074  0.215491  0.215954  0.216179  0.216337  0.216405  0.216428  0.216428
        435       0.003506  0.006723  0.012579  0.017716  0.026354  0.032874  0.041864  0.055819  0.068525  0.080332  0.100240  0.115837  0.128686  0.139722  0.149336  0.157766  0.165169  0.171678  0.177441  0.187041  0.194605  0.200294  0.204310  0.207123  0.209167  0.210684  0.212068  0.213045  0.213688  0.214134  0.214580  0.214791  0.214952  0.215027  0.215039  0.215039
        436       0.003442  0.006686  0.012496  0.017636  0.026213  0.032702  0.041637  0.055493  0.068123  0.079860  0.099619  0.115084  0.127833  0.138782  0.148310  0.156654  0.163996  0.170433  0.176141  0.185651  0.193088  0.198662  0.202595  0.205337  0.207315  0.208781  0.210093  0.211024  0.211642  0.212024  0.212507  0.212721  0.212878  0.212934  0.212957  0.212957
        437       0.003406  0.006622  0.012478  0.017553  0.026098  0.032554  0.041416  0.055185  0.067722  0.079379  0.098992  0.114334  0.126981  0.137815  0.147259  0.155555  0.162813  0.169188  0.174889  0.184223  0.191536  0.197037  0.200868  0.203513  0.205439  0.206840  0.208107  0.208994  0.209574  0.209968  0.210400  0.210610  0.210770  0.210832  0.210832  0.210844
        438       0.003406  0.006622  0.012376  0.017470  0.025980  0.032382  0.041201  0.054888  0.067355  0.078915  0.098415  0.113617  0.126172  0.136903  0.146288  0.154487  0.161696  0.168042  0.173650  0.182995  0.190291  0.195805  0.199660  0.202372  0.204311  0.205761  0.207080  0.208009  0.208613  0.209005  0.209431  0.209667  0.209824  0.209857  0.209891  0.209891
        439       0.003406  0.006622  0.012366  0.017401  0.025862  0.032234  0.040999  0.054572  0.066963  0.078470  0.097811  0.112922  0.125359  0.136014  0.145303  0.153454  0.160580  0.166929  0.172486  0.181774  0.189117  0.194665  0.198622  0.201370  0.203390  0.204923  0.206311  0.207283  0.207922  0.208353  0.208797  0.208994  0.209167  0.209216  0.209228  0.209228
        440       0.003406  0.006551  0.012275  0.017339  0.025749  0.032069  0.040791  0.054287  0.066589  0.078016  0.097227  0.112206  0.124555  0.135110  0.144332  0.152406  0.159523  0.165759  0.171204  0.180431  0.187608  0.193075  0.196916  0.199586  0.201553  0.202998  0.204310  0.205218  0.205832  0.206237  0.206680  0.206864  0.207049  0.207098  0.207110  0.207110
        441       0.003406  0.006521  0.012257  0.017248  0.025607  0.031904  0.040576  0.053976  0.066208  0.077549  0.096601  0.111490  0.123710  0.134207  0.143325  0.151330  0.158346  0.164521  0.169958  0.179051  0.186154  0.191524  0.195285  0.197875  0.199771  0.201182  0.202428  0.203308  0.203887  0.204277  0.204734  0.204958  0.205103  0.205125  0.205147  0.205147
        442       0.003406  0.006521  0.012174  0.017156  0.025492  0.031749  0.040353  0.053686  0.065798  0.077097  0.096015  0.110764  0.122902  0.133303  0.142347  0.150265  0.157227  0.163366  0.168726  0.177752  0.184825  0.190132  0.193876  0.196441  0.198317  0.199708  0.200979  0.201835  0.202434  0.202814  0.203267  0.203463  0.203635  0.203660  0.203672  0.203672
        443       0.003356  0.006521  0.012154  0.017095  0.025379  0.031604  0.040145  0.053401  0.065446  0.076665  0.095465  0.110094  0.122134  0.132446  0.141425  0.149289  0.156186  0.162260  0.167650  0.176558  0.183622  0.188923  0.192675  0.195237  0.197171  0.198561  0.199842  0.200722  0.201321  0.201737  0.202153  0.202361  0.202520  0.202557  0.202594  0.202594
        444       0.003305  0.006421  0.012073  0.017034  0.025267  0.031449  0.039947  0.053105  0.065093  0.076233  0.094915  0.109447  0.121377  0.131602  0.140504  0.148303  0.155146  0.161190  0.166492  0.175390  0.182422  0.187752  0.191512  0.194180  0.196088  0.197537  0.198841  0.199769  0.200380  0.200771  0.201223  0.201394  0.201590  0.201614  0.201627  0.201639
        445       0.003305  0.006421  0.012052  0.016943  0.025154  0.031315  0.039750  0.052842  0.064731  0.075802  0.094366  0.108789  0.120621  0.130758  0.139595  0.147317  0.154131  0.160110  0.165405  0.174234  0.181234  0.186571  0.190338  0.192978  0.194957  0.196416  0.197732  0.198695  0.199305  0.199696  0.200135  0.200331  0.200502  0.200551  0.200563  0.200563
        446       0.003305  0.006421  0.011971  0.016872  0.025041  0.031140  0.039542  0.052547  0.064379  0.075360  0.093761  0.108086  0.119831  0.129904  0.138642  0.146310  0.153046  0.158937  0.164226  0.172926  0.179797  0.185005  0.188646  0.191221  0.193063  0.194435  0.195686  0.196575  0.197171  0.197549  0.197963  0.198158  0.198305  0.198366  0.198390  0.198402
        447       0.003305  0.006411  0.011951  0.016811  0.024928  0.031006  0.039344  0.052262  0.064027  0.074939  0.093212  0.107429  0.119088  0.129050  0.137723  0.145326  0.151998  0.157883  0.163060  0.171702  0.178529  0.183694  0.187354  0.189854  0.191718  0.193075  0.194313  0.195176  0.195759  0.196161  0.196538  0.196769  0.196903  0.196940  0.196964  0.196964
        448       0.003305  0.006320  0.011870  0.016739  0.024815  0.030851  0.039146  0.051999  0.063664  0.074530  0.092697  0.106806  0.118367  0.128254  0.136863  0.144402  0.151044  0.156853  0.162001  0.170682  0.177573  0.182854  0.186595  0.189237  0.191173  0.192651  0.193997  0.194921  0.195553  0.195991  0.196392  0.196623  0.196757  0.196794  0.196818  0.196818
        449       0.003305  0.006320  0.011850  0.016648  0.024692  0.030707  0.038949  0.051714  0.063313  0.074099  0.092115  0.106127  0.117579  0.127402  0.135934  0.143409  0.149963  0.155754  0.160815  0.169354  0.176129  0.181246  0.184861  0.187390  0.189249  0.190640  0.191899  0.192760  0.193354  0.193743  0.194131  0.194350  0.194483  0.194532  0.194544  0.194544
        450       0.003305  0.006320  0.011769  0.016587  0.024590  0.030552  0.038751  0.051420  0.062961  0.073668  0.091567  0.105472  0.116837  0.126561  0.135030  0.142440  0.148941  0.154656  0.159699  0.168123  0.174830  0.179904  0.183442  0.185956  0.187776  0.189117  0.190350  0.191197  0.191766  0.192129  0.192529  0.192736  0.192893  0.192954  0.192954  0.192966
        451       0.003205  0.006290  0.011759  0.016526  0.024477  0.030408  0.038554  0.051167  0.062599  0.073248  0.091019  0.104816  0.116096  0.125745  0.134137  0.141483  0.147932  0.153606  0.158585  0.166964  0.173639  0.178684  0.182242  0.184716  0.186522  0.187897  0.189129  0.189987  0.190543  0.190943  0.191330  0.191548  0.191681  0.191718  0.191718  0.191730
        452       0.003205  0.006219  0.011668  0.016434  0.024372  0.030276  0.038371  0.050884  0.062289  0.072846  0.090533  0.104201  0.115411  0.124984  0.133290  0.140591  0.146967  0.152607  0.157577  0.165923  0.172477  0.177507  0.181056  0.183536  0.185353  0.186704  0.187910  0.188782  0.189360  0.189722  0.190139  0.190327  0.190488  0.190528  0.190542  0.190555
        453       0.003205  0.006219  0.011668  0.016383  0.024262  0.030119  0.038180  0.050641  0.061961  0.072463  0.090034  0.103606  0.114704  0.124192  0.132458  0.139687  0.146032  0.151614  0.156525  0.164816  0.171358  0.176355  0.179845  0.182326  0.184103  0.185450  0.186691  0.187559  0.188102  0.188476  0.188899  0.189080  0.189249  0.189274  0.189286  0.189286
        454       0.003205  0.006219  0.011567  0.016322  0.024149  0.029985  0.037982  0.050357  0.061609  0.072033  0.089487  0.102952  0.113964  0.123389  0.131568  0.138722  0.145014  0.150544  0.155426  0.163625  0.170065  0.174985  0.178445  0.180851  0.182614  0.183947  0.185125  0.185944  0.186486  0.186872  0.187258  0.187439  0.187608  0.187632  0.187644  0.187644
        455       0.003205  0.006189  0.011567  0.016231  0.024047  0.029851  0.037795  0.050084  0.061259  0.071636  0.088941  0.102332  0.113247  0.122597  0.130713  0.137803  0.144044  0.149533  0.154376  0.162460  0.168951  0.173889  0.177358  0.179797  0.181570  0.182902  0.184127  0.184969  0.185535  0.185896  0.186318  0.186498  0.186643  0.186715  0.186739  0.186739
        456       0.003205  0.006119  0.011477  0.016163  0.023940  0.029703  0.037610  0.049832  0.060942  0.071245  0.088443  0.101725  0.112572  0.121829  0.129881  0.136915  0.143114  0.148564  0.153358  0.161421  0.167827  0.172688  0.176167  0.178569  0.180363  0.181682  0.182895  0.183736  0.184283  0.184644  0.185059  0.185246  0.185393  0.185446  0.185460  0.185473
        457       0.003205  0.006119  0.011465  0.016119  0.023832  0.029573  0.037432  0.049589  0.060621  0.070852  0.087957  0.101125  0.111882  0.121072  0.129061  0.136060  0.142186  0.147572  0.152336  0.160310  0.166692  0.171524  0.174973  0.177394  0.179151  0.180467  0.181690  0.182530  0.183082  0.183442  0.183863  0.184031  0.184175  0.184235  0.184247  0.184247
        458       0.003205  0.006119  0.011387  0.016028  0.023735  0.029440  0.037240  0.049330  0.060316  0.070482  0.087472  0.100557  0.111230  0.120361  0.128275  0.135222  0.141295  0.146671  0.151404  0.159347  0.165740  0.170657  0.174155  0.176658  0.178476  0.179885  0.181189  0.182068  0.182668  0.183042  0.183482  0.183656  0.183803  0.183843  0.183856  0.183856
        459       0.003105  0.006109  0.011364  0.015967  0.023627  0.029295  0.037069  0.049085  0.059984  0.070101  0.086975  0.099964  0.110563  0.119606  0.127458  0.134355  0.140389  0.145697  0.150416  0.158246  0.164603  0.169449  0.172902  0.175378  0.177215  0.178577  0.179845  0.180743  0.181318  0.181702  0.182134  0.182302  0.182458  0.182506  0.182506  0.182506
        460       0.003105  0.006018  0.011308  0.015926  0.023530  0.029166  0.036895  0.048840  0.059667  0.069719  0.086478  0.099378  0.109902  0.118871  0.126672  0.133493  0.139492  0.144756  0.149416  0.157252  0.163526  0.168353  0.171883  0.174314  0.176180  0.177546  0.178848  0.179765  0.180363  0.180763  0.181149  0.181362  0.181495  0.181549  0.181549  0.181549
        461       0.003105  0.006018  0.011263  0.015825  0.023428  0.029051  0.036722  0.048595  0.059361  0.069374  0.086018  0.098839  0.109282  0.118183  0.125916  0.132681  0.138636  0.143883  0.148500  0.156303  0.162545  0.167394  0.170881  0.173362  0.175227  0.176644  0.177944  0.178874  0.179486  0.179885  0.180310  0.180483  0.180656  0.180683  0.180683  0.180683
        462       0.003105  0.006018  0.011233  0.015774  0.023330  0.028904  0.036540  0.048350  0.059060  0.068975  0.085514  0.098241  0.108599  0.117433  0.125110  0.131819  0.137712  0.142912  0.147491  0.155193  0.161402  0.166137  0.169567  0.171975  0.173770  0.175175  0.176427  0.177334  0.177907  0.178302  0.178684  0.178899  0.179043  0.179067  0.179091  0.179091
        463       0.003105  0.006018  0.011162  0.015723  0.023223  0.028765  0.036364  0.048105  0.058736  0.068612  0.085038  0.097674  0.107944  0.116721  0.124317  0.130982  0.136826  0.141973  0.146543  0.154227  0.160417  0.165189  0.168655  0.171131  0.173005  0.174393  0.175704  0.176605  0.177241  0.177626  0.178011  0.178223  0.178356  0.178409  0.178409  0.178423
        464       0.003105  0.005940  0.011162  0.015633  0.023121  0.028651  0.036192  0.047861  0.058442  0.068255  0.084566  0.097111  0.107325  0.116010  0.123562  0.130172  0.135972  0.141103  0.145604  0.153203  0.159374  0.164102  0.167525  0.169958  0.171791  0.173190  0.174446  0.175359  0.175968  0.176326  0.176711  0.176936  0.177055  0.177135  0.177135  0.177148
        465       0.003105  0.005917  0.011061  0.015581  0.023023  0.028513  0.036011  0.047605  0.058106  0.067861  0.084088  0.096533  0.106639  0.115254  0.122767  0.129312  0.135041  0.140113  0.144587  0.152068  0.158140  0.162801  0.166102  0.168466  0.170195  0.171524  0.172736  0.173568  0.174151  0.174508  0.174925  0.175092  0.175235  0.175282  0.175282  0.175282
        466       0.003105  0.005917  0.011061  0.015520  0.022916  0.028365  0.035823  0.047336  0.057806  0.067482  0.083587  0.095936  0.105978  0.114513  0.121954  0.128440  0.134154  0.139160  0.143575  0.150991  0.156940  0.161513  0.164783  0.167039  0.168747  0.169998  0.171184  0.172002  0.172516  0.172873  0.173283  0.173441  0.173573  0.173639  0.173639  0.173639
        467       0.003038  0.005917  0.010982  0.015441  0.022825  0.028251  0.035673  0.047127  0.057523  0.067137  0.083140  0.095422  0.105385  0.113878  0.121239  0.127682  0.133341  0.138317  0.142716  0.150113  0.156134  0.160743  0.164036  0.166396  0.168156  0.169484  0.170709  0.171540  0.172107  0.172477  0.172913  0.173058  0.173203  0.173269  0.173283  0.173283
        468       0.003005  0.005873  0.010960  0.015407  0.022734  0.028125  0.035489  0.046894  0.057217  0.066793  0.082706  0.094885  0.104780  0.113194  0.120499  0.126899  0.132516  0.137476  0.141832  0.149183  0.155134  0.159686  0.163016  0.165373  0.167091  0.168458  0.169642  0.170538  0.171052  0.171474  0.171870  0.172015  0.172200  0.172226  0.172226  0.172226
        469       0.003005  0.005817  0.010915  0.015317  0.022632  0.028011  0.035339  0.046661  0.056923  0.066437  0.082247  0.094335  0.104164  0.112497  0.119773  0.126105  0.131679  0.136571  0.140911  0.148165  0.154084  0.158618  0.161813  0.164154  0.165871  0.167170  0.168379  0.169208  0.169761  0.170130  0.170512  0.170709  0.170841  0.170867  0.170881  0.170881
        470       0.003005  0.005817  0.010859  0.015272  0.022541  0.027862  0.035167  0.046428  0.056641  0.066092  0.081801  0.093810  0.103560  0.111863  0.119034  0.125336  0.130856  0.135731  0.140016  0.147238  0.153112  0.157590  0.160847  0.163147  0.164888  0.166186  0.167394  0.168221  0.168787  0.169168  0.169550  0.169721  0.169879  0.169892  0.169906  0.169919
        471       0.003005  0.005817  0.010848  0.015215  0.022439  0.027748  0.034994  0.046184  0.056347  0.065748  0.081343  0.093273  0.102944  0.111180  0.118321  0.124556  0.130045  0.134853  0.139109  0.146298  0.152103  0.156537  0.159791  0.162048  0.163788  0.165071  0.166264  0.167091  0.167630  0.167998  0.168406  0.168550  0.168708  0.168747  0.168761  0.168761
        472       0.003005  0.005817  0.010758  0.015125  0.022348  0.027622  0.034845  0.045974  0.056053  0.065404  0.080909  0.092749  0.102340  0.110522  0.117596  0.123789  0.129223  0.134027  0.138241  0.145360  0.151146  0.155589  0.158774  0.161082  0.162793  0.164089  0.165294  0.166133  0.166671  0.167026  0.167459  0.167604  0.167722  0.167801  0.167814  0.167814
        473       0.003005  0.005716  0.010758  0.015091  0.022246  0.027508  0.034660  0.045741  0.055771  0.065060  0.080463  0.092225  0.101750  0.109852  0.116883  0.123034  0.128427  0.133176  0.137361  0.144422  0.150164  0.154590  0.157824  0.160077  0.161813  0.163107  0.164285  0.165137  0.165687  0.166068  0.166448  0.166606  0.166750  0.166803  0.166803  0.166803
        474       0.003005  0.005716  0.010690  0.015012  0.022155  0.027394  0.034522  0.045532  0.055501  0.064728  0.080042  0.091701  0.101196  0.109220  0.116197  0.122306  0.127644  0.132377  0.136545  0.143614  0.149390  0.153864  0.157135  0.159491  0.161291  0.162650  0.163919  0.164796  0.165399  0.165792  0.166199  0.166369  0.166501  0.166540  0.166553  0.166553
        475       0.003005  0.005716  0.010657  0.014956  0.022064  0.027257  0.034338  0.045300  0.055196  0.064396  0.079609  0.091214  0.100594  0.108551  0.115498  0.121540  0.126862  0.131540  0.135667  0.142665  0.148384  0.152802  0.156069  0.158423  0.160195  0.161539  0.162807  0.163670  0.164272  0.164652  0.165045  0.165215  0.165360  0.165386  0.165399  0.165399
        476       0.002915  0.005716  0.010623  0.014911  0.021973  0.027131  0.034189  0.045067  0.054926  0.064041  0.079163  0.090667  0.099992  0.107919  0.114788  0.120800  0.126067  0.130729  0.134827  0.141756  0.147431  0.151870  0.155096  0.157447  0.159204  0.160599  0.161839  0.162728  0.163317  0.163709  0.164128  0.164285  0.164416  0.164469  0.164482  0.164482
        477       0.002904  0.005679  0.010556  0.014822  0.021875  0.027024  0.034035  0.044867  0.054654  0.063739  0.078773  0.090198  0.099461  0.107321  0.114135  0.120108  0.125336  0.129952  0.134003  0.140901  0.146559  0.150983  0.154201  0.156610  0.158395  0.159787  0.161079  0.161960  0.162548  0.162960  0.163372  0.163549  0.163696  0.163696  0.163726  0.163726
        478       0.002904  0.005616  0.010556  0.014809  0.021791  0.026915  0.033902  0.044649  0.054398  0.063437  0.078358  0.089730  0.098924  0.106732  0.113505  0.119434  0.124619  0.129198  0.133252  0.140093  0.145720  0.150177  0.153449  0.155848  0.157668  0.159087  0.160443  0.161356  0.161996  0.162375  0.162807  0.162990  0.163107  0.163160  0.163160  0.163173
        479       0.002904  0.005616  0.010477  0.014708  0.021712  0.026800  0.033729  0.044440  0.054128  0.063117  0.077962  0.089244  0.098373  0.106114  0.112833  0.118733  0.123889  0.128440  0.132453  0.139288  0.144962  0.149454  0.152802  0.155303  0.157226  0.158709  0.160143  0.161121  0.161774  0.162205  0.162624  0.162820  0.162950  0.162977  0.162977  0.162977
        480       0.002904  0.005616  0.010454  0.014682  0.021620  0.026678  0.033596  0.044226  0.053862  0.062780  0.077556  0.088777  0.097833  0.105527  0.112203  0.118038  0.123157  0.127677  0.131676  0.138458  0.144087  0.148558  0.151899  0.154405  0.156332  0.157853  0.159274  0.160286  0.160917  0.161358  0.161813  0.161975  0.162137  0.162166  0.162166  0.162181
        481       0.002904  0.005616  0.010432  0.014606  0.021530  0.026572  0.033419  0.044022  0.053612  0.062478  0.077157  0.088309  0.097294  0.104941  0.111565  0.117358  0.122431  0.126937  0.130894  0.137616  0.143242  0.147727  0.151094  0.153630  0.155576  0.157122  0.158579  0.159569  0.160260  0.160691  0.161147  0.161330  0.161461  0.161500  0.161500  0.161500
        482       0.002904  0.005549  0.010353  0.014550  0.021428  0.026447  0.033281  0.043813  0.053330  0.062147  0.076725  0.087787  0.096719  0.104299  0.110869  0.116634  0.121678  0.126118  0.130045  0.136737  0.142255  0.146723  0.150048  0.152556  0.154512  0.156030  0.157460  0.158475  0.159126  0.159569  0.160025  0.160208  0.160351  0.160377  0.160390  0.160390
        483       0.002904  0.005515  0.010353  0.014505  0.021339  0.026331  0.033117  0.043586  0.053071  0.061822  0.076314  0.087302  0.096167  0.103695  0.110220  0.115916  0.120925  0.125336  0.129226  0.135834  0.141304  0.145676  0.148964  0.151404  0.153326  0.154813  0.156215  0.157166  0.157853  0.158249  0.158688  0.158908  0.159025  0.159054  0.159054  0.159054
        484       0.002904  0.005515  0.010275  0.014426  0.021258  0.026207  0.032971  0.043383  0.052791  0.061521  0.075910  0.086842  0.095630  0.103091  0.109554  0.115211  0.120186  0.124569  0.128427  0.134980  0.140438  0.144782  0.148036  0.150474  0.152336  0.153825  0.155160  0.156186  0.156771  0.157239  0.157629  0.157824  0.157941  0.157980  0.157993  0.157993
        485       0.002829  0.005515  0.010252  0.014403  0.021173  0.026100  0.032807  0.043168  0.052544  0.061197  0.075505  0.086334  0.095080  0.102490  0.108922  0.114527  0.119459  0.123793  0.127620  0.134132  0.139549  0.143842  0.147051  0.149487  0.151346  0.152758  0.154142  0.155076  0.155689  0.156128  0.156581  0.156742  0.156859  0.156917  0.156932  0.156932
        486       0.002804  0.005515  0.010230  0.014302  0.021087  0.025990  0.032672  0.042965  0.052265  0.060883  0.075107  0.085861  0.094543  0.101897  0.108266  0.113841  0.118733  0.123022  0.126849  0.133290  0.138688  0.142947  0.146157  0.148500  0.150332  0.151818  0.153112  0.154058  0.154706  0.155096  0.155537  0.155745  0.155874  0.155874  0.155887  0.155887
        487       0.002804  0.005427  0.010151  0.014276  0.020994  0.025869  0.032523  0.042751  0.052017  0.060586  0.074710  0.085395  0.094009  0.101299  0.107627  0.113141  0.117996  0.122281  0.126031  0.132446  0.137798  0.141996  0.145156  0.147500  0.149312  0.150707  0.152030  0.152947  0.153588  0.153967  0.154405  0.154565  0.154697  0.154726  0.154755  0.154755
        488       0.002804  0.005415  0.010151  0.014200  0.020917  0.025762  0.032374  0.042548  0.051761  0.060281  0.074340  0.084941  0.093505  0.100742  0.107004  0.112509  0.117321  0.121565  0.125324  0.131717  0.137093  0.141346  0.144589  0.147006  0.148848  0.150332  0.151715  0.152685  0.153358  0.153747  0.154188  0.154382  0.154512  0.154538  0.154538  0.154538
        489       0.002804  0.005415  0.010076  0.014162  0.020815  0.025651  0.032239  0.042347  0.051504  0.059976  0.073943  0.084469  0.092979  0.100166  0.106403  0.111854  0.116618  0.120841  0.124572  0.130935  0.136307  0.140570  0.143784  0.146211  0.148123  0.149617  0.151012  0.151972  0.152656  0.153064  0.153486  0.153690  0.153822  0.153822  0.153836  0.153836
        490       0.002804  0.005415  0.010050  0.014099  0.020739  0.025549  0.032071  0.042151  0.051267  0.059697  0.073566  0.084034  0.092472  0.099627  0.105805  0.111211  0.115958  0.120136  0.123850  0.130137  0.135419  0.139650  0.142817  0.145199  0.147080  0.148544  0.149922  0.150910  0.151535  0.151972  0.152365  0.152583  0.152700  0.152700  0.152714  0.152729
        491       0.002804  0.005415  0.010050  0.014048  0.020662  0.025446  0.031942  0.041968  0.051017  0.059405  0.073189  0.083599  0.091992  0.099075  0.105208  0.110582  0.115285  0.119431  0.123100  0.129326  0.134560  0.138745  0.141880  0.144246  0.146081  0.147543  0.148877  0.149835  0.150474  0.150866  0.151303  0.151506  0.151637  0.151652  0.151652  0.151652
        492       0.002804  0.005325  0.009949  0.013998  0.020577  0.025329  0.031789  0.041760  0.050767  0.059101  0.072810  0.083140  0.091470  0.098495  0.104608  0.109926  0.114613  0.118708  0.122356  0.128553  0.133773  0.137960  0.141077  0.143473  0.145321  0.146787  0.148165  0.149132  0.149764  0.150177  0.150590  0.150771  0.150926  0.150939  0.150939  0.150939
        493       0.002804  0.005314  0.009949  0.013921  0.020496  0.025215  0.031645  0.041564  0.050517  0.058808  0.072423  0.082702  0.090965  0.097930  0.103986  0.109299  0.113911  0.118024  0.121631  0.127791  0.133003  0.137181  0.140326  0.142731  0.144607  0.146096  0.147485  0.148471  0.149109  0.149545  0.149980  0.150125  0.150256  0.150329  0.150329  0.150329
        494       0.002804  0.005314  0.009911  0.013896  0.020407  0.025113  0.031529  0.041382  0.050281  0.058530  0.072074  0.082295  0.090472  0.097420  0.103432  0.108658  0.113295  0.117349  0.120940  0.127095  0.132289  0.136493  0.139679  0.142125  0.144044  0.145546  0.146964  0.147964  0.148645  0.149080  0.149516  0.149675  0.149806  0.149820  0.149864  0.149864
        495       0.002704  0.005314  0.009848  0.013820  0.020318  0.025010  0.031387  0.041187  0.050044  0.058252  0.071711  0.081861  0.089993  0.096896  0.102850  0.108073  0.112651  0.116674  0.120249  0.126357  0.131533  0.135705  0.138903  0.141333  0.143221  0.144737  0.146211  0.147167  0.147848  0.148312  0.148732  0.148906  0.149022  0.149066  0.149080  0.149080
        496       0.002704  0.005314  0.009848  0.013795  0.020241  0.024908  0.031246  0.041004  0.049821  0.057960  0.071362  0.081427  0.089542  0.096373  0.102296  0.107474  0.112008  0.116028  0.119572  0.125648  0.130821  0.135004  0.138199  0.140700  0.142630  0.144174  0.145647  0.146689  0.147370  0.147775  0.148239  0.148428  0.148544  0.148573  0.148587  0.148587
        497       0.002704  0.005239  0.009785  0.013706  0.020164  0.024805  0.031117  0.040822  0.049584  0.057682  0.070999  0.081047  0.089050  0.095864  0.101742  0.106876  0.111393  0.115383  0.118896  0.124912  0.130052  0.134260  0.137482  0.139909  0.141866  0.143466  0.144954  0.145994  0.146689  0.147109  0.147558  0.147746  0.147877  0.147906  0.147906  0.147906
        498       0.002704  0.005214  0.009747  0.013693  0.020101  0.024703  0.030975  0.040627  0.049348  0.057404  0.070664  0.080614  0.088585  0.095328  0.101175  0.106292  0.110750  0.114710  0.118192  0.124189  0.129298  0.133417  0.136636  0.139104  0.141074  0.142644  0.144145  0.145185  0.145879  0.146313  0.146776  0.146935  0.147065  0.147123  0.147123  0.147123
        499       0.002704  0.005214  0.009747  0.013605  0.019999  0.024600  0.030833  0.040457  0.049111  0.057126  0.070315  0.080194  0.088121  0.094833  0.100622  0.105708  0.110150  0.114093  0.117560  0.123496  0.128586  0.132746  0.135992  0.138544  0.140542  0.142154  0.143683  0.144751  0.145474  0.145937  0.146400  0.146573  0.146718  0.146747  0.146761  0.146761
        500       0.002704  0.005214  0.009659  0.013592  0.019922  0.024498  0.030717  0.040262  0.048901  0.056875  0.069967  0.079801  0.087684  0.094338  0.100110  0.105152  0.109564  0.113463  0.116913  0.122832  0.127947  0.132132  0.135433  0.138056  0.140125  0.141808  0.143423  0.144535  0.145271  0.145734  0.146211  0.146414  0.146530  0.146588  0.146631  0.146631
        501       0.002704  0.005214  0.009646  0.013491  0.019858  0.024395  0.030588  0.040093  0.048665  0.056597  0.069631  0.079422  0.087248  0.093857  0.099586  0.104597  0.108992  0.112875  0.116309  0.122210  0.127336  0.131590  0.134975  0.137669  0.139866  0.141607  0.143293  0.144462  0.145271  0.145749  0.146226  0.146443  0.146559  0.146617  0.146631  0.146631
        502       0.002704  0.005163  0.009646  0.013491  0.019782  0.024306  0.030446  0.039924  0.048455  0.056346  0.069296  0.079016  0.086811  0.093377  0.099061  0.104042  0.108421  0.112273  0.115691  0.121575  0.126769  0.131077  0.134532  0.137339  0.139593  0.141448  0.143207  0.144448  0.145257  0.145777  0.146298  0.146515  0.146646  0.146675  0.146689  0.146689
        503       0.002704  0.005113  0.009545  0.013402  0.019693  0.024203  0.030317  0.039729  0.048232  0.056094  0.068962  0.078610  0.086348  0.092883  0.098537  0.103473  0.107836  0.111658  0.115060  0.120925  0.126102  0.130422  0.133960  0.136837  0.139133  0.141060  0.142832  0.144159  0.144997  0.145503  0.146067  0.146284  0.146414  0.146428  0.146428  0.146428
        504       0.002704  0.005113  0.009545  0.013389  0.019616  0.024101  0.030189  0.039560  0.048009  0.055817  0.068627  0.078232  0.085885  0.092389  0.098013  0.102919  0.107237  0.111043  0.114443  0.120291  0.125464  0.129824  0.133389  0.136307  0.138673  0.140642  0.142529  0.143827  0.144722  0.145271  0.145792  0.146023  0.146139  0.146197  0.146197  0.146211
        505       0.002628  0.005113  0.009520  0.013288  0.019540  0.023998  0.030073  0.039378  0.047786  0.055526  0.068292  0.077799  0.085449  0.091882  0.097461  0.102351  0.106639  0.110429  0.113785  0.119614  0.124812  0.129155  0.132717  0.135648  0.138085  0.140067  0.141967  0.143308  0.144188  0.144751  0.145300  0.145532  0.145647  0.145676  0.145691  0.145691
        506       0.002603  0.005113  0.009444  0.013288  0.019463  0.023896  0.029918  0.039196  0.047537  0.055275  0.067918  0.077408  0.084973  0.091362  0.096910  0.101742  0.106000  0.109759  0.113085  0.118840  0.123949  0.128260  0.131762  0.134689  0.137023  0.138975  0.140844  0.142197  0.143019  0.143582  0.144159  0.144332  0.144506  0.144506  0.144506  0.144506
        507       0.002603  0.005099  0.009444  0.013187  0.019387  0.023795  0.029797  0.039008  0.047316  0.055014  0.067591  0.077020  0.084531  0.090894  0.096369  0.101179  0.105408  0.109130  0.112433  0.118140  0.123201  0.127493  0.130906  0.133776  0.136147  0.138048  0.139886  0.141152  0.142008  0.142552  0.143095  0.143310  0.143442  0.143475  0.143475  0.143475
        508       0.002603  0.005013  0.009407  0.013187  0.019298  0.023704  0.029673  0.038832  0.047105  0.054760  0.067276  0.076611  0.084088  0.090390  0.095850  0.100636  0.104819  0.108518  0.111798  0.117447  0.122507  0.126712  0.130208  0.133046  0.135333  0.137224  0.139032  0.140326  0.141189  0.141708  0.142226  0.142457  0.142572  0.142615  0.142630  0.142630
        509       0.002603  0.005013  0.009344  0.013085  0.019221  0.023601  0.029532  0.038650  0.046882  0.054469  0.066915  0.076206  0.083626  0.089897  0.095300  0.100041  0.104195  0.107864  0.111127  0.116773  0.121772  0.125988  0.129440  0.132232  0.134532  0.136464  0.138242  0.139535  0.140369  0.140916  0.141420  0.141636  0.141765  0.141794  0.141808  0.141808
        510       0.002603  0.005013  0.009344  0.013073  0.019145  0.023499  0.029390  0.038481  0.046646  0.054192  0.066567  0.075802  0.083164  0.089378  0.094750  0.099447  0.103584  0.107223  0.110471  0.116056  0.121038  0.125251  0.128686  0.131434  0.133731  0.135605  0.137396  0.138673  0.139506  0.140053  0.140556  0.140772  0.140887  0.140930  0.140930  0.140930
        511       0.002603  0.005013  0.009286  0.012984  0.019081  0.023400  0.029282  0.038295  0.046433  0.053943  0.066247  0.075401  0.082745  0.088909  0.094248  0.098905  0.103014  0.106631  0.109831  0.115379  0.120329  0.124511  0.127882  0.130695  0.132944  0.134806  0.136606  0.137867  0.138704  0.139229  0.139738  0.139952  0.140083  0.140083  0.140083  0.140083
        512       0.002603  0.005013  0.009243  0.012984  0.018992  0.023307  0.029159  0.038130  0.046227  0.053704  0.065926  0.075047  0.082295  0.088435  0.093748  0.098385  0.102448  0.106055  0.109229  0.114752  0.119699  0.123864  0.127265  0.130052  0.132332  0.134232  0.136035  0.137296  0.138113  0.138659  0.139176  0.139391  0.139521  0.139535  0.139535  0.139535
        513       0.002603  0.004941  0.009243  0.012883  0.018921  0.023210  0.029032  0.037954  0.045999  0.053431  0.065606  0.074662  0.081892  0.087988  0.093259  0.097849  0.101890  0.105472  0.108636  0.114113  0.119009  0.123137  0.126519  0.129344  0.131623  0.133482  0.135296  0.136556  0.137376  0.137917  0.138441  0.138655  0.138786  0.138819  0.138835  0.138835
        514       0.002603  0.004912  0.009180  0.012883  0.018852  0.023115  0.028901  0.037793  0.045808  0.053203  0.065285  0.074293  0.081481  0.087521  0.092760  0.097323  0.101327  0.104875  0.108031  0.113477  0.118361  0.122507  0.125889  0.128672  0.130963  0.132889  0.134689  0.135977  0.136808  0.137353  0.137855  0.138085  0.138199  0.138214  0.138242  0.138257
        515       0.002566  0.004912  0.009142  0.012794  0.018775  0.023026  0.028772  0.037611  0.045573  0.052926  0.064952  0.073916  0.081047  0.087043  0.092239  0.096772  0.100746  0.104292  0.107404  0.112805  0.117658  0.121800  0.125195  0.128004  0.130308  0.132204  0.134032  0.135333  0.136178  0.136708  0.137267  0.137453  0.137582  0.137625  0.137625  0.137625
        516       0.002503  0.004912  0.009142  0.012781  0.018688  0.022932  0.028649  0.037450  0.045371  0.052693  0.064645  0.073539  0.080621  0.086570  0.091739  0.096259  0.100231  0.103695  0.106806  0.112177  0.117032  0.121135  0.124527  0.127363  0.129718  0.131639  0.133482  0.134757  0.135623  0.136147  0.136687  0.136917  0.137031  0.137064  0.137064  0.137064
        517       0.002503  0.004912  0.009070  0.012695  0.018630  0.022845  0.028532  0.037287  0.045162  0.052452  0.064340  0.073185  0.080203  0.086165  0.091285  0.095756  0.099710  0.103172  0.106250  0.111602  0.116421  0.120555  0.123945  0.126795  0.129117  0.131053  0.132911  0.134217  0.135067  0.135623  0.136163  0.136393  0.136507  0.136540  0.136540  0.136540
        518       0.002503  0.004899  0.009041  0.012680  0.018571  0.022744  0.028425  0.037131  0.044971  0.052228  0.064045  0.072840  0.079842  0.085721  0.090814  0.095273  0.099185  0.102628  0.105694  0.111029  0.115874  0.120009  0.123468  0.126357  0.128729  0.130735  0.132632  0.133946  0.134847  0.135419  0.135963  0.136178  0.136307  0.136335  0.136335  0.136335
        519       0.002503  0.004812  0.009041  0.012608  0.018470  0.022655  0.028297  0.036946  0.044773  0.051970  0.063731  0.072479  0.079399  0.085262  0.090331  0.094750  0.098637  0.102064  0.105107  0.110421  0.115267  0.119411  0.122862  0.125774  0.128174  0.130174  0.132096  0.133450  0.134332  0.134904  0.135460  0.135689  0.135803  0.135820  0.135836  0.135836
        520       0.002503  0.004812  0.008978  0.012579  0.018406  0.022565  0.028168  0.036807  0.044553  0.051728  0.063432  0.072114  0.079030  0.084836  0.089843  0.094256  0.098123  0.101521  0.104541  0.109843  0.114654  0.118812  0.122295  0.125237  0.127649  0.129696  0.131633  0.133003  0.133917  0.134489  0.135061  0.135261  0.135405  0.135433  0.135448  0.135448
        521       0.002503  0.004812  0.008940  0.012521  0.018353  0.022465  0.028047  0.036620  0.044355  0.051489  0.063122  0.071757  0.078641  0.084391  0.089378  0.093746  0.097581  0.100958  0.103996  0.109225  0.114033  0.118188  0.121683  0.124657  0.127136  0.129182  0.131151  0.132520  0.133433  0.134038  0.134593  0.134806  0.134953  0.134969  0.135002  0.135018
        522       0.002503  0.004812  0.008940  0.012478  0.018266  0.022377  0.027944  0.036486  0.044176  0.051263  0.062833  0.071419  0.078255  0.084003  0.088956  0.093306  0.097109  0.100484  0.103473  0.108699  0.113505  0.117674  0.121216  0.124236  0.126746  0.128824  0.130857  0.132275  0.133221  0.133793  0.134364  0.134593  0.134724  0.134789  0.134789  0.134806
        523       0.002503  0.004812  0.008877  0.012440  0.018189  0.022297  0.027821  0.036314  0.043978  0.051030  0.062541  0.071080  0.077853  0.083545  0.088503  0.092801  0.096607  0.099958  0.102919  0.108142  0.112959  0.117166  0.120742  0.123850  0.126414  0.128572  0.130650  0.132118  0.133074  0.133703  0.134275  0.134503  0.134632  0.134646  0.134661  0.134661
        524       0.002503  0.004768  0.008839  0.012376  0.018135  0.022202  0.027709  0.036175  0.043788  0.050797  0.062255  0.070744  0.077467  0.083133  0.088035  0.092335  0.096118  0.099442  0.102412  0.107601  0.112433  0.116678  0.120361  0.123524  0.126179  0.128402  0.130564  0.132063  0.133042  0.133695  0.134283  0.134528  0.134659  0.134691  0.134724  0.134724
        525       0.002503  0.004711  0.008839  0.012362  0.018062  0.022129  0.027606  0.036012  0.043594  0.050587  0.061982  0.070422  0.077128  0.082761  0.087661  0.091912  0.095677  0.098984  0.101938  0.107156  0.112034  0.116373  0.120120  0.123395  0.126114  0.128483  0.130711  0.132308  0.133335  0.133989  0.134610  0.134838  0.135002  0.135018  0.135035  0.135035
        526       0.002503  0.004711  0.008796  0.012275  0.017989  0.022041  0.027489  0.035879  0.043415  0.050376  0.061708  0.070116  0.076773  0.082373  0.087224  0.091473  0.095206  0.098511  0.101463  0.106647  0.111554  0.115940  0.119733  0.123104  0.125920  0.128272  0.130597  0.132242  0.133303  0.133972  0.134642  0.134871  0.135002  0.135035  0.135051  0.135051
        527       0.002403  0.004711  0.008738  0.012275  0.017935  0.021939  0.027384  0.035718  0.043221  0.050136  0.061423  0.069752  0.076395  0.081970  0.086784  0.091006  0.094723  0.097999  0.100912  0.106083  0.111001  0.115369  0.119234  0.122648  0.125535  0.127975  0.130351  0.132018  0.133103  0.133789  0.134460  0.134704  0.134847  0.134875  0.134875  0.134889
        528       0.002403  0.004711  0.008738  0.012174  0.017859  0.021851  0.027254  0.035568  0.043027  0.049911  0.061131  0.069427  0.076002  0.081566  0.086352  0.090534  0.094216  0.097503  0.100405  0.105551  0.110485  0.114914  0.118816  0.122313  0.125272  0.127768  0.130206  0.131900  0.133042  0.133727  0.134413  0.134659  0.134838  0.134855  0.134871  0.134871
        529       0.002403  0.004711  0.008709  0.012174  0.017786  0.021764  0.027151  0.035390  0.042848  0.049686  0.060858  0.069105  0.075663  0.081179  0.085916  0.090097  0.093761  0.097014  0.099915  0.105027  0.109958  0.114417  0.118365  0.121909  0.124932  0.127493  0.129979  0.131721  0.132862  0.133613  0.134299  0.134544  0.134675  0.134708  0.134724  0.134724
        530       0.002403  0.004668  0.008637  0.012102  0.017728  0.021691  0.027034  0.035257  0.042654  0.049475  0.060584  0.068799  0.075293  0.080761  0.085511  0.089659  0.093306  0.096542  0.099410  0.104504  0.109448  0.113937  0.117931  0.121522  0.124592  0.127184  0.129735  0.131509  0.132683  0.133417  0.134136  0.134381  0.134511  0.134528  0.134577  0.134577
        531       0.002403  0.004611  0.008637  0.012073  0.017655  0.021603  0.026931  0.035109  0.042475  0.049265  0.060311  0.068478  0.074939  0.080374  0.085091  0.089222  0.092836  0.096070  0.098921  0.103996  0.108954  0.113441  0.117481  0.121119  0.124236  0.126876  0.129426  0.131248  0.132454  0.133189  0.133891  0.134168  0.134332  0.134348  0.134348  0.134348
        532       0.002403  0.004611  0.008637  0.012029  0.017582  0.021530  0.026828  0.034961  0.042296  0.049040  0.060038  0.068141  0.074585  0.079987  0.084671  0.088769  0.092366  0.095567  0.098416  0.103473  0.108429  0.112929  0.116983  0.120668  0.123799  0.126487  0.129100  0.130923  0.132128  0.132862  0.133613  0.133874  0.134005  0.134054  0.134070  0.134070
        533       0.002403  0.004611  0.008536  0.011971  0.017524  0.021428  0.026711  0.034813  0.042088  0.048815  0.059750  0.067820  0.074216  0.079584  0.084236  0.088301  0.091896  0.095080  0.097896  0.102935  0.107856  0.112337  0.116405  0.120087  0.123234  0.125903  0.128515  0.130337  0.131574  0.132324  0.133058  0.133303  0.133450  0.133515  0.133515  0.133515
        534       0.002403  0.004611  0.008536  0.011957  0.017451  0.021340  0.026593  0.034651  0.041909  0.048590  0.059462  0.067484  0.073831  0.079182  0.083801  0.087848  0.091411  0.094562  0.097361  0.102365  0.107251  0.111746  0.115780  0.119459  0.122587  0.125272  0.127882  0.129702  0.130906  0.131672  0.132389  0.132666  0.132813  0.132846  0.132846  0.132846
        535       0.002403  0.004611  0.008536  0.011870  0.017379  0.021253  0.026491  0.034518  0.041715  0.048365  0.059174  0.067148  0.073462  0.078765  0.083351  0.087365  0.090910  0.094060  0.096826  0.101780  0.106631  0.111075  0.115090  0.118735  0.121845  0.124527  0.127071  0.128889  0.130109  0.130890  0.131590  0.131819  0.132014  0.132047  0.132047  0.132047
        536       0.002403  0.004568  0.008450  0.011870  0.017321  0.021165  0.026373  0.034340  0.041522  0.048140  0.058901  0.066827  0.073078  0.078363  0.082916  0.086913  0.090425  0.093542  0.096291  0.101226  0.106043  0.110469  0.114465  0.118108  0.121216  0.123848  0.126454  0.128256  0.129491  0.130206  0.130906  0.131199  0.131346  0.131346  0.131346  0.131346
        537       0.002403  0.004510  0.008435  0.011769  0.017248  0.021092  0.026256  0.034207  0.041328  0.047931  0.058613  0.066491  0.072709  0.077962  0.082481  0.086445  0.089940  0.093024  0.095772  0.100673  0.105488  0.109895  0.113889  0.117513  0.120635  0.123266  0.125839  0.127655  0.128873  0.129604  0.130353  0.130613  0.130727  0.130760  0.130792  0.130792
        538       0.002346  0.004510  0.008435  0.011769  0.017175  0.021005  0.026153  0.034044  0.041149  0.047706  0.058341  0.066170  0.072386  0.077560  0.082063  0.086009  0.089487  0.092554  0.095284  0.100152  0.104996  0.109400  0.113409  0.117096  0.120232  0.122894  0.125498  0.127346  0.128564  0.129328  0.130044  0.130320  0.130467  0.130483  0.130483  0.130483
        539       0.002303  0.004510  0.008363  0.011697  0.017117  0.020917  0.026036  0.033911  0.040971  0.047481  0.058068  0.065850  0.072002  0.077174  0.081644  0.085558  0.089003  0.092068  0.094782  0.099647  0.104456  0.108859  0.112913  0.116598  0.119749  0.122458  0.125094  0.126925  0.128158  0.128905  0.129653  0.129930  0.130044  0.130092  0.130109  0.130109
        540       0.002303  0.004510  0.008335  0.011668  0.017044  0.020815  0.025933  0.033749  0.040777  0.047271  0.057796  0.065529  0.071649  0.076804  0.081241  0.085122  0.088550  0.091567  0.094279  0.099126  0.103901  0.108333  0.112369  0.116068  0.119250  0.121958  0.124592  0.126454  0.127687  0.128450  0.129182  0.129458  0.129604  0.129637  0.129637  0.129637
        541       0.002303  0.004510  0.008335  0.011634  0.016977  0.020747  0.025831  0.033608  0.040614  0.047074  0.057541  0.065250  0.071335  0.076449  0.080849  0.084741  0.088121  0.091165  0.093835  0.098661  0.103473  0.107919  0.112031  0.115748  0.118990  0.121735  0.124430  0.126338  0.127587  0.128345  0.129103  0.129369  0.129520  0.129539  0.129539  0.129539
        542       0.002303  0.004481  0.008291  0.011567  0.016943  0.020669  0.025728  0.033483  0.040450  0.046882  0.057311  0.064965  0.071020  0.076095  0.080482  0.084329  0.087723  0.090738  0.093416  0.098227  0.103046  0.107537  0.111682  0.115491  0.118784  0.121603  0.124349  0.126292  0.127541  0.128337  0.129133  0.129377  0.129523  0.129556  0.129588  0.129588
        543       0.002303  0.004410  0.008234  0.011567  0.016841  0.020596  0.025626  0.033320  0.040257  0.046657  0.057024  0.064645  0.070668  0.075725  0.080095  0.083910  0.087287  0.090269  0.092946  0.097739  0.102555  0.107076  0.111251  0.115122  0.118430  0.121312  0.124074  0.126065  0.127330  0.128142  0.128922  0.129198  0.129361  0.129377  0.129377  0.129377
        544       0.002303  0.004410  0.008234  0.011465  0.016783  0.020509  0.025508  0.033188  0.040078  0.046448  0.056767  0.064340  0.070315  0.075339  0.079662  0.083475  0.086835  0.089800  0.092444  0.097251  0.102049  0.106568  0.110772  0.114658  0.118028  0.120925  0.123735  0.125709  0.127022  0.127850  0.128613  0.128889  0.129068  0.129068  0.129084  0.129084
        545       0.002303  0.004410  0.008234  0.011465  0.016739  0.020407  0.025420  0.033057  0.039920  0.046253  0.056517  0.064059  0.069993  0.074993  0.079314  0.083092  0.086412  0.089378  0.092006  0.096768  0.101590  0.106139  0.110373  0.114289  0.117714  0.120606  0.123487  0.125469  0.126811  0.127625  0.128402  0.128705  0.128857  0.128857  0.128857  0.128857
        546       0.002303  0.004410  0.008133  0.011408  0.016652  0.020348  0.025303  0.032907  0.039736  0.046044  0.056253  0.063762  0.069656  0.074647  0.078904  0.082683  0.085994  0.088941  0.091567  0.096291  0.101100  0.105615  0.109847  0.113809  0.117208  0.120136  0.123007  0.124996  0.126357  0.127168  0.127947  0.128223  0.128402  0.128418  0.128418  0.128418
        547       0.002303  0.004410  0.008133  0.011364  0.016594  0.020261  0.025201  0.032774  0.039558  0.045835  0.056011  0.063457  0.069319  0.074262  0.078533  0.082249  0.085542  0.088457  0.091082  0.095803  0.100610  0.105154  0.109416  0.113393  0.116839  0.119814  0.122668  0.124738  0.126065  0.126892  0.127687  0.127996  0.128142  0.128158  0.128174  0.128174
        548       0.002303  0.004395  0.008133  0.011335  0.016536  0.020188  0.025083  0.032627  0.039380  0.045625  0.055724  0.063138  0.068967  0.073893  0.078101  0.081815  0.085107  0.088004  0.090581  0.095300  0.100105  0.104662  0.108906  0.112913  0.116389  0.119347  0.122281  0.124333  0.125693  0.126536  0.127330  0.127622  0.127768  0.127785  0.127801  0.127801
        549       0.002303  0.004309  0.008049  0.011263  0.016451  0.020101  0.024993  0.032489  0.039209  0.045433  0.055477  0.062833  0.068654  0.073539  0.077727  0.081409  0.084669  0.087557  0.090144  0.094805  0.099599  0.104139  0.108439  0.112460  0.115935  0.118915  0.121848  0.123921  0.125280  0.126111  0.126925  0.127209  0.127341  0.127379  0.127379  0.127379
        550       0.002260  0.004309  0.008032  0.011263  0.016434  0.020013  0.024908  0.032361  0.039068  0.045251  0.055241  0.062575  0.068340  0.073185  0.077375  0.081024  0.084283  0.087146  0.089706  0.094358  0.099142  0.103679  0.107935  0.111954  0.115443  0.118462  0.121393  0.123460  0.124818  0.125660  0.126487  0.126746  0.126908  0.126957  0.126957  0.126957
        551       0.002202  0.004309  0.008032  0.011196  0.016333  0.019982  0.024805  0.032248  0.038914  0.045067  0.055037  0.062319  0.068065  0.072893  0.077043  0.080668  0.083925  0.086757  0.089323  0.093926  0.098698  0.103252  0.107530  0.111565  0.115074  0.118089  0.121057  0.123129  0.124487  0.125336  0.126149  0.126433  0.126584  0.126622  0.126641  0.126641
        552       0.002202  0.004309  0.008032  0.011162  0.016333  0.019897  0.024732  0.032140  0.038785  0.044923  0.054833  0.062088  0.067790  0.072586  0.076711  0.080358  0.083568  0.086399  0.088909  0.093542  0.098306  0.102856  0.107172  0.111267  0.114786  0.117835  0.120861  0.122927  0.124317  0.125175  0.125984  0.126292  0.126438  0.126471  0.126471  0.126471
        553       0.002202  0.004309  0.007982  0.011162  0.016248  0.019846  0.024651  0.032024  0.038654  0.044753  0.054615  0.061840  0.067530  0.072284  0.076395  0.080018  0.083182  0.086012  0.088540  0.093139  0.097907  0.102494  0.106825  0.110913  0.114495  0.117583  0.120568  0.122714  0.124072  0.124978  0.125809  0.126111  0.126225  0.126300  0.126300  0.126300
        554       0.002202  0.004309  0.007931  0.011119  0.016231  0.019795  0.024585  0.031933  0.038503  0.044594  0.054426  0.061587  0.067255  0.071987  0.076079  0.079662  0.082807  0.085636  0.088144  0.092726  0.097503  0.102080  0.106440  0.110565  0.114145  0.117289  0.120329  0.122458  0.123864  0.124754  0.125579  0.125871  0.126017  0.126049  0.126065  0.126065
        555       0.002202  0.004309  0.007931  0.011061  0.016146  0.019693  0.024498  0.031818  0.038377  0.044422  0.054210  0.061361  0.066977  0.071693  0.075748  0.079314  0.082458  0.085286  0.087775  0.092335  0.097098  0.101701  0.106083  0.110261  0.113878  0.117002  0.120079  0.122243  0.123675  0.124543  0.125393  0.125677  0.125847  0.125866  0.125866  0.125866
        556       0.002202  0.004309  0.007931  0.011061  0.016129  0.019663  0.024410  0.031712  0.038251  0.044280  0.054019  0.061131  0.066705  0.071389  0.075447  0.079012  0.082140  0.084936  0.087380  0.091927  0.096715  0.101337  0.105773  0.109990  0.113681  0.116839  0.119991  0.122168  0.123621  0.124527  0.125336  0.125660  0.125790  0.125871  0.125871  0.125871
        557       0.002202  0.004209  0.007931  0.011044  0.016062  0.019591  0.024344  0.031594  0.038100  0.044109  0.053823  0.060901  0.066443  0.071102  0.075155  0.078664  0.081807  0.084578  0.087030  0.091567  0.096382  0.101037  0.105527  0.109778  0.113523  0.116759  0.119910  0.122168  0.123638  0.124562  0.125431  0.125714  0.125903  0.125922  0.125922  0.125922
        558       0.002202  0.004209  0.007831  0.010960  0.016028  0.019547  0.024263  0.031505  0.037984  0.043967  0.053627  0.060676  0.066201  0.070836  0.074847  0.078363  0.081458  0.084220  0.086679  0.091207  0.096039  0.100736  0.105281  0.109639  0.113441  0.116759  0.120007  0.122281  0.123751  0.124673  0.125563  0.125887  0.126033  0.126065  0.126065  0.126065
        559       0.002202  0.004209  0.007831  0.010960  0.015977  0.019489  0.024190  0.031387  0.037858  0.043813  0.053436  0.060440  0.065944  0.070548  0.074544  0.078052  0.081156  0.083871  0.086321  0.090855  0.095704  0.100428  0.105046  0.109443  0.113355  0.116702  0.120004  0.122318  0.123826  0.124808  0.125677  0.125998  0.126187  0.126206  0.126206  0.126206
        560       0.002202  0.004209  0.007831  0.010960  0.015926  0.019421  0.024105  0.031284  0.037736  0.043673  0.053243  0.060228  0.065713  0.070315  0.074275  0.077763  0.080849  0.083599  0.086048  0.090545  0.095410  0.100189  0.104861  0.109369  0.113281  0.116759  0.120117  0.122469  0.124053  0.125015  0.125922  0.126244  0.126414  0.126452  0.126452  0.126452
        561       0.002202  0.004209  0.007831  0.010902  0.015926  0.019387  0.024088  0.031196  0.037613  0.043549  0.053099  0.060023  0.065484  0.070070  0.074016  0.077483  0.080560  0.083273  0.085729  0.090237  0.095143  0.099962  0.104726  0.109305  0.113345  0.116823  0.120297  0.122717  0.124301  0.125320  0.126228  0.126568  0.126714  0.126746  0.126746  0.126746
        562       0.002202  0.004209  0.007831  0.010876  0.015926  0.019387  0.024020  0.031181  0.037563  0.043464  0.052979  0.059892  0.065321  0.069868  0.073808  0.077277  0.080325  0.083037  0.085467  0.089979  0.094915  0.099784  0.104602  0.109257  0.113393  0.116983  0.120531  0.122959  0.124581  0.125620  0.126565  0.126887  0.127057  0.127095  0.127095  0.127095
        563       0.002202  0.004209  0.007797  0.010859  0.015825  0.019285  0.023934  0.031044  0.037425  0.043290  0.052768  0.059662  0.065054  0.069582  0.073503  0.076953  0.079982  0.082693  0.085122  0.089651  0.094604  0.099544  0.104454  0.109183  0.113393  0.117021  0.120625  0.123147  0.124808  0.125847  0.126792  0.127133  0.127303  0.127341  0.127341  0.127341
        564       0.002202  0.004209  0.007831  0.010859  0.015825  0.019285  0.023898  0.031004  0.037361  0.043221  0.052633  0.059507  0.064904  0.069411  0.073308  0.076727  0.079755  0.082450  0.084873  0.089393  0.094358  0.099315  0.104298  0.109114  0.113345  0.117048  0.120716  0.123266  0.124948  0.126033  0.126973  0.127314  0.127525  0.127525  0.127525  0.127525
        565       0.002202  0.004209  0.007730  0.010859  0.015774  0.019217  0.023832  0.030906  0.037235  0.043064  0.052452  0.059290  0.064645  0.069118  0.073001  0.076395  0.079422  0.082096  0.084505  0.089013  0.093981  0.098974  0.103954  0.108792  0.113113  0.116833  0.120531  0.123110  0.124827  0.125847  0.126868  0.127209  0.127360  0.127417  0.127417  0.127417
        566       0.002202  0.004209  0.007763  0.010859  0.015774  0.019217  0.023832  0.030889  0.037200  0.043012  0.052364  0.059184  0.064539  0.068957  0.072804  0.076233  0.079242  0.081861  0.084252  0.088740  0.093743  0.098716  0.103695  0.108607  0.112945  0.116702  0.120418  0.123015  0.124713  0.125790  0.126773  0.127114  0.127322  0.127322  0.127322  0.127322
        567       0.002236  0.004259  0.007898  0.010994  0.016011  0.019472  0.024156  0.031250  0.037598  0.043430  0.052786  0.059573  0.064876  0.069350  0.073126  0.076557  0.079512  0.082187  0.084578  0.089032  0.094018  0.099066  0.104065  0.109015  0.113374  0.117189  0.120925  0.123562  0.125336  0.126376  0.127398  0.127739  0.127928  0.127947  0.127966  0.127966
        568       0.002503  0.004682  0.008536  0.011827  0.017132  0.020859  0.025801  0.033232  0.039766  0.045700  0.055256  0.062073  0.067392  0.071803  0.075648  0.079012  0.081970  0.084625  0.087022  0.091473  0.096464  0.101527  0.106631  0.111570  0.116020  0.119862  0.123686  0.126309  0.128126  0.129165  0.130190  0.130532  0.130743  0.130743  0.130743  0.130760
        569       0.002620  0.004879  0.008822  0.012157  0.017587  0.021428  0.026481  0.034022  0.040648  0.046637  0.056182  0.063046  0.068332  0.072750  0.076557  0.079891  0.082856  0.085485  0.087866  0.092298  0.097300  0.102383  0.107492  0.112534  0.117002  0.120907  0.124770  0.127436  0.129198  0.130318  0.131343  0.131685  0.131895  0.131914  0.131914  0.131914
        570       0.002403  0.004544  0.008301  0.011499  0.016638  0.020288  0.025079  0.032368  0.038758  0.044614  0.054016  0.060741  0.066015  0.070369  0.074185  0.077511  0.080451  0.083074  0.085431  0.089852  0.094897  0.100005  0.105138  0.110261  0.114775  0.118708  0.122582  0.125318  0.127114  0.128250  0.129293  0.129634  0.129805  0.129843  0.129843  0.129862
        571       0.002369  0.004460  0.008150  0.011347  0.016434  0.019999  0.024788  0.031938  0.038308  0.044126  0.053418  0.060157  0.065374  0.069707  0.073485  0.076791  0.079711  0.082313  0.084687  0.089123  0.094164  0.099286  0.104472  0.109610  0.114158  0.118127  0.122055  0.124789  0.126603  0.127739  0.128762  0.129122  0.129331  0.129331  0.129331  0.129331
        572       0.002453  0.004611  0.008385  0.011617  0.016841  0.020475  0.025318  0.032592  0.039035  0.044893  0.054210  0.060936  0.066158  0.070476  0.074203  0.077547  0.080451  0.083056  0.085358  0.089797  0.094805  0.099949  0.105157  0.110299  0.114869  0.118840  0.122789  0.125525  0.127360  0.128496  0.129558  0.129900  0.130071  0.130128  0.130128  0.130128
        573       0.002403  0.004493  0.008167  0.011364  0.016468  0.020033  0.024788  0.031921  0.038290  0.044074  0.053330  0.059980  0.065161  0.069475  0.073180  0.076485  0.079404  0.081933  0.084288  0.088649  0.093688  0.098826  0.104028  0.109145  0.113729  0.117696  0.121640  0.124430  0.126244  0.127379  0.128421  0.128762  0.128970  0.128970  0.128989  0.128989
        574       0.002420  0.004560  0.008267  0.011482  0.016655  0.020237  0.025010  0.032231  0.038585  0.044370  0.053612  0.060246  0.065410  0.069707  0.073413  0.076647  0.079548  0.082114  0.084415  0.088777  0.093798  0.098882  0.104084  0.109220  0.113766  0.117733  0.121678  0.124430  0.126244  0.127379  0.128459  0.128819  0.128970  0.129008  0.129027  0.129027
        575       0.002386  0.004477  0.008150  0.011331  0.016400  0.019948  0.024651  0.031766  0.038048  0.043813  0.052961  0.059555  0.064663  0.068939  0.072624  0.075856  0.078737  0.081264  0.083545  0.087903  0.092883  0.097962  0.103141  0.108254  0.112777  0.116759  0.120681  0.123430  0.125242  0.126357  0.127398  0.127739  0.127947  0.127966  0.127966  0.127966
        576       0.002319  0.004359  0.007999  0.011095  0.016096  0.019574  0.024224  0.031250  0.037477  0.043168  0.052259  0.058795  0.063899  0.068136  0.071800  0.074993  0.077835  0.080397  0.082675  0.086957  0.091896  0.096952  0.102088  0.107158  0.111677  0.115617  0.119478  0.122262  0.124034  0.125129  0.126225  0.126584  0.126717  0.126754  0.126773  0.126773
        577       0.002286  0.004326  0.007931  0.011027  0.015977  0.019421  0.024037  0.030992  0.037183  0.042838  0.051872  0.058371  0.063401  0.067637  0.071263  0.074436  0.077295  0.079819  0.082078  0.086357  0.091275  0.096291  0.101387  0.106417  0.110876  0.114775  0.118690  0.121396  0.123185  0.124298  0.125336  0.125677  0.125828  0.125885  0.125885  0.125885
        578       0.002202  0.004175  0.007696  0.010707  0.015537  0.018911  0.023388  0.030202  0.036266  0.041864  0.050785  0.057223  0.062248  0.066425  0.070029  0.073216  0.076017  0.078538  0.080776  0.085050  0.089906  0.094915  0.099968  0.104972  0.109424  0.113318  0.117152  0.119854  0.121603  0.122714  0.123751  0.124090  0.124279  0.124298  0.124298  0.124298
        579       0.002136  0.004108  0.007629  0.010556  0.015334  0.018673  0.023098  0.029858  0.035921  0.041465  0.050311  0.056694  0.061680  0.065837  0.069439  0.072589  0.075406  0.077889  0.080108  0.084360  0.089196  0.094128  0.099176  0.104139  0.108551  0.112404  0.116216  0.118877  0.120625  0.121753  0.122770  0.123110  0.123261  0.123279  0.123336  0.123336
        580       0.002102  0.004108  0.007545  0.010539  0.015300  0.018588  0.023030  0.029755  0.035748  0.041273  0.050101  0.056447  0.061415  0.065535  0.069100  0.072230  0.075029  0.077493  0.079711  0.083907  0.088722  0.093633  0.098642  0.103510  0.107901  0.111714  0.115486  0.118108  0.119854  0.120944  0.121960  0.122299  0.122469  0.122507  0.122507  0.122507
        581       0.002102  0.004025  0.007528  0.010454  0.015164  0.018470  0.022808  0.029480  0.035454  0.040944  0.049716  0.056024  0.060972  0.065054  0.068600  0.071729  0.074490  0.076917  0.079169  0.083291  0.088085  0.092920  0.097870  0.102716  0.107047  0.110838  0.114551  0.117152  0.118915  0.119967  0.120963  0.121302  0.121471  0.121528  0.121528  0.121528
        582       0.002102  0.004025  0.007528  0.010454  0.015131  0.018453  0.022774  0.029446  0.035420  0.040857  0.049628  0.055883  0.060777  0.064876  0.068404  0.071496  0.074203  0.076665  0.078845  0.083019  0.087739  0.092554  0.097466  0.102291  0.106546  0.110317  0.113990  0.116571  0.118296  0.119347  0.120361  0.120700  0.120850  0.120869  0.120888  0.120888
        583       0.002102  0.004108  0.007528  0.010454  0.015215  0.018470  0.022859  0.029532  0.035524  0.040926  0.049681  0.055936  0.060794  0.064841  0.068350  0.071442  0.074149  0.076593  0.078773  0.082874  0.087593  0.092371  0.097245  0.102033  0.106287  0.110001  0.113673  0.116253  0.117939  0.118971  0.119967  0.120305  0.120474  0.120531  0.120531  0.120531
        584       0.002119  0.004108  0.007528  0.010488  0.015215  0.018520  0.022876  0.029532  0.035489  0.040926  0.049611  0.055848  0.060688  0.064716  0.068207  0.071263  0.073970  0.076377  0.078538  0.082657  0.087339  0.092115  0.096933  0.101719  0.105953  0.109666  0.113318  0.115879  0.117564  0.118596  0.119591  0.119929  0.120079  0.120098  0.120098  0.120117
        585       0.002136  0.004108  0.007528  0.010488  0.015249  0.018503  0.022859  0.029497  0.035385  0.040822  0.049470  0.055671  0.060511  0.064485  0.067958  0.071013  0.073700  0.076071  0.078232  0.082313  0.086975  0.091768  0.096566  0.101332  0.105564  0.109238  0.112851  0.115411  0.117096  0.118146  0.119103  0.119441  0.119628  0.119647  0.119666  0.119666
        586       0.002222  0.004189  0.007730  0.010697  0.015520  0.018816  0.023269  0.029985  0.035917  0.041385  0.050052  0.056253  0.061067  0.065029  0.068493  0.071496  0.074185  0.076557  0.078697  0.082773  0.087411  0.092159  0.096974  0.101701  0.105894  0.109592  0.113213  0.115748  0.117433  0.118491  0.119459  0.119798  0.119955  0.119978  0.119978  0.119978
        587       0.002486  0.004594  0.008318  0.011499  0.016604  0.020186  0.024873  0.031904  0.038031  0.043621  0.052417  0.058671  0.063508  0.067476  0.070905  0.073934  0.076575  0.078953  0.081084  0.085104  0.089724  0.094457  0.099286  0.103991  0.108179  0.111863  0.115486  0.118014  0.119666  0.120756  0.121697  0.122036  0.122224  0.122224  0.122243  0.122243
        588       0.003205  0.005733  0.010067  0.013744  0.019642  0.023866  0.029343  0.037252  0.043969  0.049943  0.059184  0.065624  0.070512  0.074490  0.077926  0.080921  0.083581  0.085939  0.088048  0.092079  0.096676  0.101405  0.106194  0.110913  0.115112  0.118765  0.122394  0.124940  0.126603  0.127663  0.128648  0.128951  0.129122  0.129160  0.129160  0.129160
        589       0.003606  0.006337  0.011044  0.014995  0.021377  0.025950  0.031835  0.040232  0.047301  0.053454  0.062940  0.069493  0.074400  0.078394  0.081789  0.084778  0.087411  0.089779  0.091878  0.095887  0.100484  0.105231  0.110020  0.114775  0.118971  0.122676  0.126319  0.128838  0.130526  0.131571  0.132560  0.132884  0.133055  0.133074  0.133074  0.133074
        590       0.003346  0.005978  0.010454  0.014261  0.020346  0.024723  0.030336  0.038429  0.045269  0.051314  0.060600  0.067059  0.071904  0.075888  0.079238  0.082208  0.084883  0.087171  0.089247  0.093300  0.097922  0.102653  0.107474  0.112251  0.116489  0.120181  0.123864  0.126425  0.128129  0.129175  0.130177  0.130496  0.130656  0.130656  0.130678  0.130701
        591       0.003172  0.005700  0.010034  0.013693  0.019591  0.023798  0.029240  0.037079  0.043760  0.049681  0.058866  0.065214  0.070011  0.073970  0.077331  0.080289  0.082893  0.085213  0.087302  0.091330  0.095942  0.100686  0.105564  0.110373  0.114644  0.118389  0.122092  0.124638  0.126357  0.127455  0.128421  0.128724  0.128932  0.128932  0.128932  0.128951
        592       0.003122  0.005632  0.009916  0.013524  0.019336  0.023507  0.028897  0.036629  0.043256  0.049138  0.058230  0.064592  0.069350  0.073252  0.076593  0.079548  0.082150  0.084487  0.086557  0.090545  0.095245  0.099986  0.104898  0.109778  0.114084  0.117883  0.121640  0.124241  0.125979  0.127038  0.128042  0.128383  0.128534  0.128591  0.128610  0.128610
        593       0.002784  0.005053  0.009021  0.012376  0.017777  0.021612  0.026590  0.033888  0.040176  0.045814  0.054667  0.060876  0.065606  0.069457  0.072786  0.075694  0.078286  0.080668  0.082730  0.086670  0.091348  0.096181  0.101147  0.106027  0.110418  0.114222  0.118041  0.120700  0.122416  0.123524  0.124543  0.124883  0.125019  0.125064  0.125087  0.125087
        594       0.003356  0.005985  0.010488  0.014234  0.020305  0.024668  0.030270  0.038325  0.045085  0.051083  0.060263  0.066621  0.071389  0.075280  0.078610  0.081535  0.084125  0.086448  0.088503  0.092481  0.097154  0.102014  0.106991  0.111956  0.116384  0.120286  0.124128  0.126773  0.128553  0.129691  0.130716  0.131058  0.131191  0.131210  0.131210  0.131210
        595       0.002971  0.005398  0.009562  0.013068  0.018690  0.022672  0.027885  0.035437  0.041882  0.047633  0.056553  0.062762  0.067494  0.071353  0.074670  0.077547  0.080108  0.082404  0.084487  0.088467  0.093139  0.098054  0.103104  0.108161  0.112628  0.116590  0.120474  0.123223  0.125015  0.126130  0.127171  0.127530  0.127682  0.127720  0.127720  0.127720
        596       0.002744  0.005013  0.008879  0.012214  0.017553  0.021285  0.026180  0.033412  0.039614  0.045165  0.053928  0.060047  0.064688  0.068514  0.071797  0.074702  0.077270  0.079563  0.081622  0.085601  0.090319  0.095278  0.100395  0.105516  0.110060  0.114087  0.118018  0.120835  0.122642  0.123796  0.124883  0.125223  0.125382  0.125427  0.125450  0.125450
        597       0.002754  0.005013  0.008940  0.012258  0.017587  0.021343  0.026293  0.033471  0.039694  0.045276  0.053999  0.060069  0.064734  0.068547  0.071818  0.074724  0.077259  0.079530  0.081590  0.085558  0.090326  0.095300  0.100465  0.105694  0.110354  0.114401  0.118427  0.121245  0.123110  0.124241  0.125336  0.125714  0.125866  0.125903  0.125903  0.125903
        598       0.002537  0.004661  0.008419  0.011600  0.016672  0.020254  0.024942  0.031869  0.037892  0.043343  0.051855  0.057859  0.062461  0.066264  0.069529  0.072391  0.074921  0.077187  0.079242  0.083237  0.088012  0.093029  0.098275  0.103529  0.108235  0.112385  0.116478  0.119309  0.121226  0.122394  0.123487  0.123826  0.124015  0.124053  0.124053  0.124053
        599       0.002423  0.004490  0.008113  0.011223  0.016170  0.019611  0.024170  0.030934  0.036851  0.042219  0.050641  0.056592  0.061152  0.064923  0.068172  0.071024  0.073560  0.075823  0.077875  0.081839  0.086626  0.091699  0.096952  0.102299  0.107073  0.111200  0.115344  0.118266  0.120181  0.121377  0.122484  0.122846  0.123027  0.123049  0.123072  0.123072
        600       0.002253  0.004209  0.007646  0.010589  0.015334  0.018588  0.022910  0.029446  0.035178  0.040405  0.048683  0.054562  0.059060  0.062798  0.066051  0.068868  0.071424  0.073682  0.075730  0.079639  0.084487  0.089542  0.094879  0.100207  0.105009  0.109238  0.113411  0.116328  0.118258  0.119441  0.120531  0.120907  0.121095  0.121132  0.121132  0.121132
        601       0.002102  0.004008  0.007407  0.010232  0.014809  0.017960  0.022184  0.028544  0.034157  0.039344  0.047490  0.053295  0.057799  0.061514  0.064709  0.067551  0.070058  0.072313  0.074314  0.078286  0.083077  0.088154  0.093476  0.098848  0.103673  0.107897  0.112072  0.115029  0.116938  0.118131  0.119257  0.119640  0.119820  0.119820  0.119843  0.119843
        602       0.002019  0.003908  0.007159  0.009966  0.014454  0.017519  0.021615  0.027885  0.033419  0.038481  0.046585  0.052346  0.056800  0.060493  0.063668  0.066532  0.068993  0.071245  0.073270  0.077169  0.081988  0.087030  0.092353  0.097741  0.102531  0.106750  0.110950  0.113878  0.115804  0.117021  0.118146  0.118483  0.118671  0.118708  0.118708  0.118708
        603       0.002002  0.003827  0.007065  0.009808  0.014261  0.017289  0.021346  0.027495  0.032978  0.038013  0.046065  0.051757  0.056189  0.059856  0.063046  0.065841  0.068343  0.070551  0.072528  0.076471  0.081210  0.086255  0.091523  0.096885  0.101656  0.105872  0.110060  0.112967  0.114872  0.116107  0.117208  0.117568  0.117703  0.117793  0.117793  0.117793
        604       0.002002  0.003807  0.006991  0.009731  0.014133  0.017112  0.021139  0.027234  0.032695  0.037702  0.045712  0.051381  0.055777  0.059432  0.062585  0.065374  0.067851  0.070029  0.072051  0.075946  0.080632  0.085649  0.090910  0.096217  0.100963  0.105157  0.109276  0.112180  0.114084  0.115280  0.116365  0.116740  0.116890  0.116946  0.116946  0.116965
        605       0.001922  0.003707  0.006924  0.009646  0.013998  0.016983  0.020958  0.027042  0.032461  0.037432  0.045395  0.051041  0.055407  0.059028  0.062173  0.064944  0.067401  0.069607  0.071560  0.075413  0.080148  0.085079  0.090275  0.095520  0.100262  0.104405  0.108499  0.111401  0.113281  0.114446  0.115546  0.115905  0.116084  0.116107  0.116129  0.116129
        606       0.001902  0.003707  0.006924  0.009646  0.013964  0.016926  0.020883  0.026926  0.032317  0.037269  0.045172  0.050785  0.055143  0.058742  0.061875  0.064610  0.067048  0.069243  0.071210  0.075029  0.079675  0.084596  0.089761  0.094915  0.099581  0.103677  0.107734  0.110559  0.112441  0.113579  0.114682  0.115018  0.115186  0.115243  0.115243  0.115243
        607       0.001902  0.003707  0.006904  0.009545  0.013896  0.016841  0.020815  0.026816  0.032172  0.037121  0.044976  0.050578  0.054900  0.058498  0.061578  0.064304  0.066717  0.068900  0.070852  0.074637  0.079238  0.084099  0.089159  0.094311  0.098915  0.102919  0.106917  0.109703  0.111557  0.112721  0.113774  0.114110  0.114289  0.114312  0.114312  0.114312
        608       0.001902  0.003707  0.006823  0.009545  0.013896  0.016821  0.020713  0.026714  0.032069  0.036996  0.044830  0.050388  0.054689  0.058244  0.061322  0.064027  0.066439  0.068579  0.070530  0.074293  0.078870  0.083664  0.088722  0.093761  0.098253  0.102210  0.106161  0.108900  0.110730  0.111871  0.112922  0.113258  0.113437  0.113460  0.113460  0.113460
        609       0.001902  0.003707  0.006823  0.009545  0.013795  0.016739  0.020662  0.026618  0.031955  0.036837  0.044631  0.050171  0.054439  0.057982  0.061025  0.063739  0.066140  0.068261  0.070172  0.073916  0.078412  0.083164  0.088121  0.093066  0.097521  0.101442  0.105305  0.107994  0.109778  0.110894  0.111938  0.112273  0.112441  0.112460  0.112478  0.112478
        610       0.001902  0.003707  0.006823  0.009505  0.013795  0.016699  0.020611  0.026529  0.031842  0.036705  0.044454  0.049968  0.054203  0.057735  0.060791  0.063451  0.065798  0.067936  0.069843  0.073539  0.078005  0.082664  0.087521  0.092444  0.096775  0.100638  0.104405  0.107073  0.108833  0.109926  0.110932  0.111267  0.111446  0.111468  0.111468  0.111468
        611       0.001902  0.003707  0.006823  0.009444  0.013727  0.016638  0.020509  0.026430  0.031714  0.036560  0.044283  0.049768  0.053981  0.057488  0.060493  0.063153  0.065499  0.067601  0.069511  0.073162  0.077583  0.082205  0.087011  0.091841  0.096126  0.099894  0.103621  0.106231  0.107975  0.109034  0.110038  0.110373  0.110541  0.110559  0.110559  0.110559
        612       0.001902  0.003707  0.006803  0.009444  0.013693  0.016577  0.020448  0.026344  0.031594  0.036415  0.044119  0.049568  0.053759  0.057227  0.060217  0.062855  0.065200  0.067294  0.069157  0.072807  0.077162  0.081753  0.086495  0.091238  0.095476  0.099158  0.102830  0.105427  0.107140  0.108187  0.109145  0.109480  0.109659  0.109681  0.109681  0.109681
        613       0.001902  0.003606  0.006723  0.009444  0.013653  0.016536  0.020407  0.026241  0.031491  0.036311  0.043952  0.049358  0.053548  0.056994  0.059984  0.062599  0.064901  0.066973  0.068836  0.072463  0.076773  0.081275  0.085950  0.090581  0.094750  0.098407  0.102033  0.104561  0.106228  0.107273  0.108231  0.108566  0.108722  0.108722  0.108722  0.108722
        614       0.001902  0.003606  0.006723  0.009364  0.013592  0.016495  0.020305  0.026159  0.031387  0.036187  0.043806  0.049190  0.053337  0.056761  0.059729  0.062322  0.064624  0.066696  0.068536  0.072119  0.076406  0.080863  0.085449  0.090034  0.094135  0.097723  0.101302  0.103762  0.105427  0.106450  0.107385  0.107719  0.107853  0.107897  0.107897  0.107897
        615       0.001902  0.003606  0.006723  0.009344  0.013592  0.016434  0.020254  0.026070  0.031267  0.036042  0.043621  0.048998  0.053102  0.056517  0.059449  0.062035  0.064325  0.066371  0.068225  0.071765  0.075982  0.080397  0.084923  0.089432  0.093487  0.097007  0.100520  0.102974  0.104583  0.105583  0.106509  0.106843  0.106991  0.107010  0.107029  0.107029
        616       0.001902  0.003606  0.006723  0.009344  0.013491  0.016373  0.020203  0.025974  0.031160  0.035897  0.043471  0.048791  0.052873  0.056274  0.059198  0.061748  0.064027  0.066054  0.067872  0.071410  0.075608  0.079953  0.084447  0.088919  0.092883  0.096379  0.099798  0.102232  0.103784  0.104783  0.105694  0.106027  0.106183  0.106205  0.106205  0.106205
        617       0.001902  0.003606  0.006723  0.009323  0.013491  0.016333  0.020101  0.025892  0.031057  0.035772  0.043283  0.048602  0.052684  0.056063  0.058944  0.061492  0.063771  0.065798  0.067594  0.071088  0.075219  0.079541  0.083969  0.088394  0.092269  0.095740  0.099091  0.101501  0.103074  0.104028  0.104961  0.105249  0.105405  0.105427  0.105427  0.105427
        618       0.001902  0.003606  0.006622  0.009243  0.013450  0.016272  0.020060  0.025810  0.030934  0.035669  0.043158  0.048413  0.052473  0.055830  0.058710  0.061259  0.063494  0.065478  0.067294  0.070766  0.074874  0.079130  0.083490  0.087848  0.091677  0.095080  0.098429  0.100771  0.102321  0.103296  0.104183  0.104472  0.104627  0.104650  0.104650  0.104650
        619       0.001902  0.003606  0.006622  0.009243  0.013389  0.016231  0.019999  0.025728  0.030837  0.035524  0.042960  0.048228  0.052259  0.055601  0.058459  0.060972  0.063206  0.065179  0.066977  0.070422  0.074490  0.078719  0.083037  0.087321  0.091092  0.094476  0.097778  0.100097  0.101608  0.102531  0.103418  0.103732  0.103880  0.103880  0.103899  0.103899
        620       0.001902  0.003606  0.006622  0.009243  0.013389  0.016170  0.019897  0.025626  0.030727  0.035379  0.042803  0.048035  0.052030  0.055344  0.058180  0.060685  0.062919  0.064880  0.066653  0.070079  0.074120  0.078329  0.082578  0.086844  0.090581  0.093871  0.097172  0.099467  0.100926  0.101900  0.102786  0.103052  0.103229  0.103229  0.103229  0.103229
        621       0.001902  0.003606  0.006622  0.009202  0.013308  0.016129  0.019856  0.025543  0.030624  0.035275  0.042657  0.047868  0.051841  0.055132  0.057968  0.060472  0.062642  0.064624  0.066375  0.069779  0.073797  0.077918  0.082143  0.086321  0.090034  0.093322  0.096533  0.098804  0.100285  0.101191  0.102077  0.102365  0.102520  0.102520  0.102520  0.102520
        622       0.001902  0.003606  0.006622  0.009142  0.013288  0.016068  0.019795  0.025461  0.030521  0.035151  0.042511  0.047679  0.051651  0.054921  0.057735  0.060196  0.062386  0.064347  0.066097  0.069457  0.073431  0.077529  0.081709  0.085863  0.089553  0.092773  0.095960  0.098164  0.099688  0.100594  0.101457  0.101701  0.101833  0.101900  0.101900  0.101900
        623       0.001802  0.003506  0.006561  0.009142  0.013268  0.016028  0.019733  0.025379  0.030418  0.035026  0.042344  0.047511  0.051441  0.054710  0.057502  0.059941  0.062109  0.064091  0.065798  0.069157  0.073108  0.077162  0.081340  0.085427  0.089050  0.092225  0.095410  0.097613  0.099047  0.099975  0.100815  0.101125  0.101258  0.101258  0.101258  0.101258
        624       0.001802  0.003506  0.006521  0.009142  0.013187  0.015987  0.019693  0.025297  0.030315  0.034923  0.042219  0.047343  0.051251  0.054498  0.057269  0.059729  0.061854  0.063813  0.065520  0.068857  0.072786  0.076816  0.080928  0.084992  0.088591  0.091721  0.094860  0.097040  0.098473  0.099378  0.100196  0.100484  0.100616  0.100638  0.100660  0.100660
        625       0.001802  0.003506  0.006521  0.009108  0.013187  0.015926  0.019591  0.025215  0.030219  0.034799  0.042055  0.047161  0.051065  0.054280  0.057029  0.059467  0.061609  0.063526  0.065250  0.068564  0.072427  0.076431  0.080469  0.084469  0.088030  0.091147  0.094237  0.096382  0.097815  0.098679  0.099507  0.099784  0.099931  0.099949  0.099968  0.099968
        626       0.001942  0.003687  0.006743  0.009364  0.013551  0.016373  0.020141  0.025851  0.030913  0.035524  0.042782  0.047910  0.051799  0.055005  0.057756  0.060153  0.062280  0.064176  0.065883  0.069157  0.073022  0.076967  0.080950  0.084926  0.088416  0.091501  0.094487  0.096665  0.098032  0.098893  0.099754  0.099997  0.100130  0.100152  0.100174  0.100174
        627       0.002744  0.004912  0.008557  0.011668  0.016536  0.019999  0.024477  0.031078  0.036851  0.042073  0.050241  0.055957  0.060302  0.063856  0.066867  0.069457  0.071711  0.073690  0.075500  0.078848  0.082730  0.086648  0.090647  0.094574  0.098010  0.101037  0.104028  0.106116  0.107518  0.108387  0.109190  0.109413  0.109614  0.109636  0.109636  0.109636
        628       0.003225  0.005616  0.009586  0.012923  0.018245  0.022021  0.026940  0.034053  0.040218  0.045751  0.054414  0.060451  0.065008  0.068729  0.071840  0.074551  0.076859  0.078935  0.080711  0.084121  0.088001  0.091896  0.095828  0.099688  0.103119  0.106072  0.109056  0.111110  0.112497  0.113325  0.114110  0.114401  0.114536  0.114536  0.114536  0.114536
        629       0.002764  0.004892  0.008536  0.011607  0.016516  0.019937  0.024395  0.030995  0.036726  0.041885  0.049947  0.055597  0.059877  0.063323  0.066268  0.068814  0.071066  0.073001  0.074767  0.078070  0.081861  0.085710  0.089618  0.093432  0.096775  0.099732  0.102631  0.104672  0.106027  0.106851  0.107630  0.107919  0.108053  0.108075  0.108075  0.108075
        630       0.002443  0.004410  0.007851  0.010717  0.015276  0.018449  0.022593  0.028832  0.034302  0.039198  0.046987  0.052452  0.056613  0.059962  0.062855  0.065350  0.067530  0.069457  0.071195  0.074465  0.078199  0.082035  0.085863  0.089575  0.092905  0.095806  0.098672  0.100683  0.102011  0.102853  0.103629  0.103873  0.104006  0.104028  0.104050  0.104050
        631       0.002323  0.004249  0.007609  0.010414  0.014931  0.018042  0.022102  0.028214  0.033536  0.038346  0.045918  0.051188  0.055153  0.058413  0.061174  0.063600  0.065713  0.067615  0.069307  0.072485  0.076212  0.079953  0.083751  0.087433  0.090713  0.093564  0.096401  0.098385  0.099688  0.100528  0.101258  0.101546  0.101678  0.101678  0.101678  0.101678
        632       0.002222  0.004108  0.007387  0.010151  0.014606  0.017594  0.021612  0.027577  0.032771  0.037494  0.044893  0.050010  0.053886  0.057057  0.059771  0.062109  0.064219  0.066033  0.067701  0.070852  0.074508  0.078221  0.081970  0.085601  0.088831  0.091655  0.094421  0.096401  0.097657  0.098495  0.099202  0.099489  0.099621  0.099621  0.099621  0.099621
        633       0.002022  0.003787  0.006904  0.009525  0.013714  0.016577  0.020366  0.026077  0.031078  0.035648  0.042824  0.047826  0.051609  0.054710  0.057375  0.059686  0.061748  0.063558  0.065157  0.068343  0.071904  0.075608  0.079303  0.082882  0.086037  0.088831  0.091567  0.093476  0.094750  0.095564  0.096269  0.096555  0.096665  0.096665  0.096665  0.096665
        634       0.002002  0.003747  0.006823  0.009444  0.013633  0.016475  0.020223  0.025892  0.030872  0.035379  0.042511  0.047469  0.051188  0.054245  0.056867  0.059198  0.061216  0.063025  0.064624  0.067722  0.071303  0.074939  0.078567  0.082078  0.085231  0.087957  0.090647  0.092532  0.093761  0.094552  0.095278  0.095520  0.095652  0.095696  0.095696  0.095696
        635       0.001962  0.003707  0.006763  0.009364  0.013511  0.016292  0.020019  0.025605  0.030542  0.035047  0.042094  0.046987  0.050746  0.053781  0.056359  0.058647  0.060663  0.062429  0.064048  0.067123  0.070637  0.074250  0.077810  0.081297  0.084360  0.087040  0.089684  0.091567  0.092773  0.093542  0.094267  0.094530  0.094640  0.094640  0.094640  0.094640
        636       0.001902  0.003647  0.006662  0.009263  0.013328  0.016109  0.019795  0.025338  0.030253  0.034695  0.041718  0.046568  0.050262  0.053274  0.055872  0.058117  0.060111  0.061875  0.063472  0.066524  0.070015  0.073582  0.077097  0.080516  0.083512  0.086190  0.088787  0.090625  0.091830  0.092598  0.093278  0.093498  0.093630  0.093630  0.093674  0.093674
        637       0.001902  0.003627  0.006622  0.009182  0.013268  0.016007  0.019672  0.025174  0.030047  0.034509  0.041447  0.046316  0.049968  0.052958  0.055534  0.057777  0.059750  0.061492  0.063089  0.066076  0.069586  0.073065  0.076557  0.079909  0.082860  0.085471  0.088001  0.089815  0.090997  0.091743  0.092444  0.092664  0.092773  0.092817  0.092817  0.092817
        638       0.001902  0.003506  0.006521  0.009041  0.013045  0.015723  0.019346  0.024785  0.029594  0.033971  0.040905  0.045730  0.049337  0.052346  0.054879  0.057100  0.059092  0.060812  0.062386  0.065371  0.068793  0.072248  0.075694  0.078978  0.081926  0.084426  0.086931  0.088700  0.089859  0.090581  0.091282  0.091501  0.091611  0.091655  0.091677  0.091677
        639       0.001827  0.003506  0.006446  0.008965  0.012933  0.015621  0.019208  0.024626  0.029377  0.033789  0.040666  0.045442  0.049059  0.052004  0.054535  0.056756  0.058716  0.060467  0.062035  0.064992  0.068359  0.071765  0.075182  0.078421  0.081291  0.083789  0.086212  0.087957  0.089104  0.089843  0.090499  0.090718  0.090828  0.090828  0.090828  0.090828
        640       0.001802  0.003506  0.006421  0.008940  0.012883  0.015520  0.019081  0.024477  0.029223  0.033557  0.040405  0.045186  0.048770  0.051714  0.054224  0.056443  0.058350  0.060111  0.061641  0.064603  0.067958  0.071303  0.074637  0.077853  0.080646  0.083121  0.085558  0.087237  0.088394  0.089050  0.089706  0.089925  0.090034  0.090100  0.090122  0.090122
        641       0.001802  0.003486  0.006400  0.008879  0.012822  0.015479  0.018999  0.024354  0.029079  0.033412  0.040218  0.044997  0.048560  0.051483  0.053971  0.056147  0.058074  0.059835  0.061344  0.064304  0.067615  0.070938  0.074185  0.077335  0.080126  0.082534  0.084905  0.086582  0.087673  0.088350  0.089006  0.089225  0.089334  0.089356  0.089378  0.089400
        642       0.001822  0.003486  0.006421  0.008899  0.012862  0.015540  0.019061  0.024395  0.029140  0.033474  0.040260  0.044956  0.048518  0.051462  0.053928  0.056105  0.058011  0.059708  0.061259  0.064133  0.067444  0.070766  0.073970  0.077054  0.079801  0.082143  0.084513  0.086146  0.087237  0.087892  0.088547  0.088766  0.088875  0.088875  0.088875  0.088875
        643       0.001902  0.003566  0.006521  0.009041  0.013045  0.015743  0.019346  0.024703  0.029470  0.033805  0.040593  0.045290  0.048833  0.051735  0.054203  0.056380  0.058286  0.059962  0.061471  0.064347  0.067615  0.070873  0.074034  0.077119  0.079758  0.082100  0.084382  0.086016  0.087084  0.087739  0.088372  0.088591  0.088700  0.088722  0.088722  0.088722
        644       0.001942  0.003667  0.006662  0.009202  0.013288  0.016007  0.019631  0.025113  0.029861  0.034260  0.041051  0.045751  0.049295  0.052157  0.054625  0.056782  0.058668  0.060323  0.061854  0.064709  0.067936  0.071152  0.074271  0.077270  0.079888  0.082165  0.084447  0.085994  0.087062  0.087717  0.088329  0.088525  0.088635  0.088656  0.088700  0.088700
        645       0.002122  0.003928  0.007085  0.009768  0.014038  0.016922  0.020754  0.026406  0.031305  0.035772  0.042657  0.047406  0.050914  0.053823  0.056253  0.058392  0.060260  0.061939  0.063430  0.066268  0.069457  0.072635  0.075759  0.078675  0.081253  0.083512  0.085732  0.087302  0.088307  0.088962  0.089597  0.089772  0.089859  0.089925  0.089925  0.089925
        646       0.002528  0.004560  0.008108  0.011036  0.015774  0.019055  0.023294  0.029480  0.034721  0.039365  0.046515  0.051346  0.054931  0.057788  0.060228  0.062354  0.064245  0.065873  0.067369  0.070181  0.073351  0.076476  0.079557  0.082485  0.085041  0.087220  0.089405  0.090937  0.092006  0.092609  0.093212  0.093432  0.093542  0.093542  0.093569  0.093569
        647       0.002904  0.005173  0.008980  0.012214  0.017329  0.020958  0.025585  0.032172  0.037702  0.042532  0.049905  0.054815  0.058413  0.061280  0.063728  0.065841  0.067679  0.069350  0.070830  0.073625  0.076773  0.079866  0.082903  0.085776  0.088285  0.090494  0.092620  0.094135  0.095124  0.095784  0.096335  0.096555  0.096665  0.096665  0.096665  0.096665
        648       0.002984  0.005294  0.009162  0.012437  0.017635  0.021346  0.026036  0.032730  0.038284  0.043158  0.050557  0.055470  0.059071  0.061918  0.064347  0.066460  0.068300  0.069908  0.071410  0.074185  0.077248  0.080364  0.083316  0.086146  0.088656  0.090778  0.092883  0.094399  0.095388  0.095960  0.096555  0.096731  0.096841  0.096863  0.096863  0.096863
        649       0.002583  0.004631  0.008153  0.011142  0.015865  0.019162  0.023412  0.029594  0.034819  0.039448  0.046547  0.051335  0.054815  0.057671  0.060069  0.062131  0.063984  0.065606  0.067059  0.069779  0.072893  0.075910  0.078827  0.081644  0.084056  0.086212  0.088285  0.089728  0.090713  0.091282  0.091896  0.092050  0.092159  0.092203  0.092203  0.092203
        650       0.002152  0.004008  0.007201  0.009874  0.014150  0.017095  0.020917  0.026575  0.031439  0.035860  0.042699  0.047327  0.050793  0.053585  0.055962  0.058026  0.059830  0.061450  0.062913  0.065632  0.068707  0.071711  0.074616  0.077340  0.079801  0.081861  0.083898  0.085340  0.086293  0.086893  0.087466  0.087630  0.087739  0.087794  0.087794  0.087794
        651       0.002563  0.004591  0.008113  0.011081  0.015743  0.019040  0.023248  0.029367  0.034550  0.039178  0.046191  0.050914  0.054393  0.057227  0.059580  0.061620  0.063430  0.065051  0.066503  0.069200  0.072227  0.075198  0.078091  0.080798  0.083164  0.085231  0.087237  0.088656  0.089618  0.090187  0.090735  0.090954  0.091063  0.091063  0.091063  0.091063
        652       0.002363  0.004309  0.007629  0.010475  0.014951  0.018083  0.022102  0.027947  0.032978  0.037473  0.044349  0.049022  0.052473  0.055217  0.057566  0.059644  0.061450  0.063046  0.064453  0.067123  0.070122  0.073130  0.075931  0.078610  0.080928  0.082947  0.084948  0.086321  0.087259  0.087848  0.088394  0.088569  0.088678  0.088678  0.088722  0.088722
        653       0.002202  0.004058  0.007251  0.009975  0.014302  0.017273  0.021121  0.026780  0.031671  0.036042  0.042855  0.047432  0.050820  0.053559  0.055936  0.057947  0.059750  0.061317  0.062753  0.065419  0.068413  0.071308  0.074104  0.076719  0.079016  0.081047  0.083001  0.084360  0.085286  0.085830  0.086375  0.086566  0.086648  0.086675  0.086675  0.086675
        654       0.002303  0.004229  0.007508  0.010273  0.014687  0.017736  0.021734  0.027453  0.032441  0.036851  0.043659  0.048287  0.051693  0.054456  0.056782  0.058795  0.060536  0.062109  0.063558  0.066225  0.069114  0.072012  0.074788  0.077378  0.079628  0.081601  0.083556  0.084861  0.085776  0.086343  0.086844  0.087062  0.087150  0.087171  0.087171  0.087171
        655       0.002403  0.004410  0.007770  0.010616  0.015154  0.018307  0.022368  0.028297  0.033309  0.037764  0.044642  0.049253  0.052684  0.055428  0.057714  0.059708  0.061471  0.063068  0.064453  0.067102  0.070015  0.072850  0.075543  0.078135  0.080364  0.082252  0.084186  0.085493  0.086364  0.086931  0.087455  0.087630  0.087717  0.087761  0.087761  0.087761
        656       0.002303  0.004209  0.007478  0.010252  0.014657  0.017680  0.021632  0.027346  0.032317  0.036716  0.043430  0.048035  0.051399  0.054113  0.056385  0.058371  0.060148  0.061689  0.063126  0.065686  0.068573  0.071442  0.074131  0.076638  0.078800  0.080695  0.082540  0.083844  0.084714  0.085258  0.085803  0.085994  0.086103  0.086103  0.086130  0.086130
        657       0.002202  0.004028  0.007186  0.009889  0.014160  0.017085  0.020876  0.026488  0.031305  0.035627  0.042302  0.046798  0.050157  0.052852  0.055111  0.057121  0.058837  0.060408  0.061790  0.064389  0.067230  0.070036  0.072657  0.075133  0.077291  0.079173  0.081015  0.082295  0.083164  0.083686  0.084165  0.084382  0.084469  0.084491  0.084491  0.084491
        658       0.002082  0.003827  0.006904  0.009505  0.013633  0.016414  0.020121  0.025523  0.030253  0.034488  0.041010  0.045500  0.048770  0.051483  0.053717  0.055703  0.057417  0.058944  0.060302  0.062940  0.065734  0.068514  0.071109  0.073582  0.075651  0.077486  0.079281  0.080560  0.081405  0.081904  0.082426  0.082621  0.082708  0.082730  0.082730  0.082730
        659       0.001927  0.003632  0.006546  0.009016  0.012984  0.015621  0.019132  0.024370  0.028991  0.033117  0.039573  0.043952  0.047196  0.049900  0.052109  0.054087  0.055803  0.057311  0.058662  0.061237  0.064059  0.066808  0.069377  0.071791  0.073862  0.075694  0.077448  0.078664  0.079503  0.080045  0.080505  0.080695  0.080803  0.080803  0.080803  0.080803
        660       0.001882  0.003526  0.006400  0.008839  0.012761  0.015357  0.018816  0.023965  0.028523  0.032606  0.038990  0.043367  0.046610  0.049232  0.051462  0.053422  0.055132  0.056634  0.058011  0.060557  0.063345  0.066033  0.068600  0.070981  0.073022  0.074788  0.076536  0.077745  0.078567  0.079043  0.079563  0.079693  0.079801  0.079801  0.079801  0.079801
        661       0.001752  0.003331  0.006119  0.008486  0.012250  0.014758  0.018088  0.023064  0.027474  0.031516  0.037832  0.042099  0.045337  0.047957  0.050162  0.052109  0.053796  0.055301  0.056650  0.059193  0.061955  0.064619  0.067129  0.069457  0.071469  0.073243  0.074939  0.076152  0.076935  0.077475  0.077907  0.078097  0.078178  0.078205  0.078205  0.078205
        662       0.001701  0.003305  0.006038  0.008375  0.012093  0.014586  0.017879  0.022839  0.027207  0.031202  0.037453  0.041739  0.044935  0.047532  0.049758  0.051672  0.053337  0.054858  0.056189  0.058710  0.061450  0.064112  0.066589  0.068836  0.070873  0.072549  0.074250  0.075435  0.076212  0.076730  0.077183  0.077356  0.077421  0.077464  0.077464  0.077464
        663       0.001701  0.003305  0.006043  0.008385  0.012073  0.014555  0.017808  0.022783  0.027140  0.031130  0.037338  0.041604  0.044840  0.047380  0.049558  0.051478  0.053137  0.054667  0.055989  0.058503  0.061184  0.063819  0.066273  0.068520  0.070476  0.072168  0.073835  0.074993  0.075775  0.076260  0.076719  0.076854  0.076962  0.076962  0.076962  0.076962
        664       0.001701  0.003305  0.006018  0.008335  0.012052  0.014484  0.017736  0.022655  0.027042  0.030975  0.037183  0.041447  0.044621  0.047175  0.049337  0.051230  0.052916  0.054393  0.055745  0.058201  0.060897  0.063494  0.065883  0.068108  0.070036  0.071689  0.073324  0.074465  0.075219  0.075694  0.076125  0.076341  0.076406  0.076449  0.076449  0.076449
        665       0.001701  0.003205  0.005917  0.008234  0.011895  0.014302  0.017528  0.022399  0.026703  0.030640  0.036794  0.041004  0.044161  0.046699  0.048875  0.050767  0.052426  0.053902  0.055196  0.057656  0.060307  0.062913  0.065259  0.067423  0.069323  0.070959  0.072571  0.073673  0.074427  0.074885  0.075343  0.075505  0.075586  0.075586  0.075586  0.075586
        666       0.001701  0.003205  0.005917  0.008193  0.011789  0.014221  0.017431  0.022287  0.026549  0.030480  0.036602  0.040780  0.043931  0.046484  0.048602  0.050494  0.052157  0.053612  0.054921  0.057354  0.059984  0.062493  0.064837  0.066995  0.068879  0.070465  0.072012  0.073130  0.073840  0.074314  0.074767  0.074918  0.075004  0.075025  0.075025  0.075025
        667       0.001651  0.003180  0.005817  0.008108  0.011693  0.014074  0.017248  0.022041  0.026293  0.030176  0.036275  0.040457  0.043586  0.046096  0.048219  0.050084  0.051767  0.053137  0.054509  0.056941  0.059485  0.062035  0.064325  0.066434  0.068252  0.069779  0.071335  0.072409  0.073135  0.073593  0.073996  0.074158  0.074239  0.074266  0.074266  0.074266
        668       0.001601  0.003105  0.005817  0.008032  0.011587  0.013977  0.017126  0.021898  0.026118  0.029985  0.036042  0.040197  0.043283  0.045814  0.047931  0.049800  0.051399  0.052852  0.054118  0.056528  0.059113  0.061599  0.063856  0.065926  0.067744  0.069243  0.070744  0.071818  0.072485  0.072936  0.073345  0.073517  0.073582  0.073603  0.073625  0.073625
        669       0.001601  0.003105  0.005716  0.008032  0.011567  0.013896  0.017044  0.021760  0.025985  0.029841  0.035860  0.040015  0.043064  0.045573  0.047668  0.049532  0.051135  0.052557  0.053849  0.056253  0.058795  0.061237  0.063472  0.065499  0.067262  0.068761  0.070235  0.071228  0.071979  0.072409  0.072759  0.072947  0.073001  0.073055  0.073055  0.073055
        670       0.001601  0.003105  0.005716  0.007952  0.011486  0.013856  0.016963  0.021694  0.025872  0.029717  0.035731  0.039822  0.042887  0.045374  0.047490  0.049316  0.050893  0.052325  0.053591  0.055957  0.058519  0.060897  0.063110  0.065093  0.066781  0.068279  0.069715  0.070744  0.071389  0.071818  0.072248  0.072377  0.072463  0.072463  0.072485  0.072485
        671       0.001601  0.003105  0.005716  0.007931  0.011465  0.013795  0.016892  0.021607  0.025779  0.029609  0.035575  0.039651  0.042699  0.045154  0.047249  0.049085  0.050662  0.052083  0.053348  0.055698  0.058212  0.060600  0.062753  0.064699  0.066407  0.067797  0.069189  0.070262  0.070905  0.071335  0.071684  0.071845  0.071899  0.071926  0.071926  0.071953
        672       0.001601  0.003105  0.005716  0.007931  0.011425  0.013754  0.016841  0.021530  0.025687  0.029491  0.035441  0.039510  0.042532  0.044997  0.047071  0.048875  0.050473  0.051841  0.053105  0.055428  0.057926  0.060281  0.062407  0.064325  0.065969  0.067401  0.068750  0.069736  0.070380  0.070744  0.071174  0.071281  0.071389  0.071389  0.071389  0.071389
        673       0.001601  0.003105  0.005716  0.007906  0.011364  0.013693  0.016765  0.021428  0.025600  0.029377  0.035316  0.039339  0.042360  0.044814  0.046882  0.048665  0.050241  0.051662  0.052873  0.055196  0.057656  0.059989  0.062088  0.063952  0.065552  0.066941  0.068332  0.069296  0.069886  0.070262  0.070691  0.070798  0.070905  0.070905  0.070905  0.070905
        674       0.001601  0.003105  0.005656  0.007831  0.011364  0.013673  0.016739  0.021387  0.025502  0.029285  0.035171  0.039198  0.042219  0.044642  0.046693  0.048476  0.050052  0.051420  0.052642  0.054963  0.057396  0.059686  0.061748  0.063622  0.065200  0.066546  0.067851  0.068814  0.069457  0.069779  0.070208  0.070315  0.070422  0.070422  0.070422  0.070422
        675       0.001601  0.003080  0.005616  0.007831  0.011314  0.013592  0.016663  0.021326  0.025420  0.029171  0.035057  0.039079  0.042047  0.044448  0.046515  0.048272  0.049821  0.051188  0.052452  0.054720  0.057126  0.059405  0.061423  0.063259  0.064805  0.066113  0.067423  0.068332  0.068975  0.069296  0.069725  0.069833  0.069940  0.069940  0.069940  0.069940
        676       0.001601  0.003005  0.005616  0.007831  0.011263  0.013592  0.016638  0.021224  0.025343  0.029094  0.034954  0.038923  0.041916  0.044318  0.046332  0.048114  0.049663  0.051030  0.052241  0.054509  0.056888  0.059140  0.061158  0.062940  0.064485  0.065766  0.067048  0.067958  0.068547  0.068921  0.069296  0.069404  0.069511  0.069511  0.069511  0.069511
        677       0.001601  0.003005  0.005616  0.007831  0.011263  0.013531  0.016556  0.021162  0.025256  0.028976  0.034819  0.038782  0.041739  0.044140  0.046149  0.047910  0.049421  0.050788  0.052009  0.054266  0.056634  0.058837  0.060833  0.062578  0.064091  0.065371  0.066589  0.067530  0.068065  0.068472  0.068814  0.068921  0.069029  0.069029  0.069029  0.069029
        678       0.001601  0.003005  0.005616  0.007755  0.011238  0.013491  0.016536  0.021121  0.025190  0.028914  0.034695  0.038663  0.041604  0.043978  0.045992  0.047721  0.049243  0.050609  0.051793  0.054034  0.056385  0.058583  0.060520  0.062274  0.063712  0.064965  0.066193  0.067075  0.067637  0.068011  0.068332  0.068466  0.068547  0.068547  0.068547  0.068547
        679       0.001601  0.003030  0.005616  0.007805  0.011238  0.013516  0.016536  0.021121  0.025190  0.028914  0.034695  0.038637  0.041551  0.043952  0.045939  0.047616  0.049190  0.050504  0.051714  0.053928  0.056253  0.058424  0.060387  0.062088  0.063499  0.064752  0.065953  0.066808  0.067369  0.067744  0.068091  0.068199  0.068279  0.068279  0.068279  0.068279
        680       0.001601  0.003105  0.005656  0.007831  0.011304  0.013592  0.016638  0.021244  0.025297  0.029017  0.034799  0.038720  0.041656  0.043973  0.045939  0.047721  0.049190  0.050557  0.051714  0.053928  0.056253  0.058371  0.060281  0.061982  0.063408  0.064603  0.065798  0.066631  0.067187  0.067551  0.067893  0.068001  0.068086  0.068108  0.068108  0.068108
        681       0.001601  0.003105  0.005716  0.007931  0.011364  0.013693  0.016739  0.021326  0.025420  0.029120  0.034902  0.038845  0.041708  0.044056  0.046044  0.047747  0.049243  0.050557  0.051741  0.053928  0.056226  0.058344  0.060254  0.061929  0.063313  0.064512  0.065659  0.066487  0.067048  0.067396  0.067744  0.067877  0.067904  0.067931  0.067931  0.067931
        682       0.001651  0.003105  0.005716  0.007931  0.011415  0.013744  0.016790  0.021402  0.025472  0.029171  0.034954  0.038819  0.041708  0.044030  0.046018  0.047721  0.049217  0.050530  0.051714  0.053876  0.056147  0.058265  0.060175  0.061769  0.063153  0.064325  0.065499  0.066327  0.066888  0.067209  0.067530  0.067637  0.067744  0.067744  0.067744  0.067744
        683       0.001661  0.003125  0.005736  0.007952  0.011445  0.013774  0.016821  0.021408  0.025482  0.029182  0.034902  0.038803  0.041677  0.044015  0.045939  0.047658  0.049127  0.050431  0.051588  0.053781  0.056041  0.058117  0.059984  0.061578  0.062961  0.064133  0.065264  0.066054  0.066589  0.066952  0.067273  0.067380  0.067444  0.067465  0.067465  0.067465
        684       0.001701  0.003205  0.005817  0.008083  0.011567  0.013947  0.017019  0.021658  0.025754  0.029455  0.035135  0.039053  0.041890  0.044187  0.046149  0.047852  0.049322  0.050609  0.051767  0.053928  0.056147  0.058238  0.060069  0.061663  0.063020  0.064165  0.065285  0.066060  0.066594  0.066915  0.067235  0.067369  0.067449  0.067449  0.067449  0.067449
        685       0.001701  0.003205  0.005817  0.008032  0.011516  0.013871  0.016917  0.021530  0.025600  0.029274  0.035006  0.038845  0.041760  0.044056  0.045965  0.047642  0.049111  0.050373  0.051530  0.053717  0.055936  0.057973  0.059777  0.061344  0.062700  0.063819  0.064939  0.065713  0.066220  0.066541  0.066861  0.066968  0.067022  0.067048  0.067075  0.067075
        686       0.003381  0.005666  0.009444  0.012528  0.017502  0.020968  0.025472  0.031955  0.037494  0.042386  0.049978  0.055196  0.059034  0.062088  0.064592  0.066728  0.068520  0.070047  0.071389  0.073727  0.076071  0.078124  0.079964  0.081508  0.082838  0.083980  0.085041  0.085803  0.086321  0.086648  0.086948  0.087057  0.087166  0.087166  0.087166  0.087166
        687       0.010960  0.016841  0.025872  0.033143  0.044579  0.053380  0.064347  0.079455  0.091786  0.102254  0.118468  0.129995  0.138550  0.145141  0.150335  0.154457  0.157777  0.160450  0.162637  0.166055  0.168916  0.171215  0.173187  0.174758  0.176069  0.177191  0.178266  0.179031  0.179557  0.179821  0.180156  0.180276  0.180324  0.180395  0.180395  0.180395
        688       0.006723  0.010606  0.016714  0.021632  0.029429  0.035290  0.042647  0.052953  0.061503  0.068868  0.080261  0.088258  0.094228  0.098854  0.102559  0.105555  0.107975  0.110038  0.111742  0.114569  0.117068  0.119234  0.121067  0.122591  0.123892  0.124940  0.125988  0.126698  0.127209  0.127493  0.127833  0.127947  0.127975  0.128004  0.128004  0.128004
        689       0.007478  0.011744  0.018342  0.023678  0.032136  0.038507  0.046541  0.057682  0.066861  0.074777  0.087002  0.095630  0.102033  0.107001  0.110932  0.114121  0.116702  0.118896  0.120615  0.123524  0.126102  0.128260  0.130052  0.131590  0.132817  0.133931  0.134932  0.135648  0.136106  0.136450  0.136679  0.136794  0.136909  0.136909  0.136909  0.136909
        690       0.005817  0.009243  0.014682  0.019106  0.026139  0.031284  0.037884  0.047092  0.054720  0.061397  0.071657  0.078854  0.084170  0.088312  0.091649  0.094338  0.096594  0.098468  0.100041  0.102697  0.105055  0.107168  0.108950  0.110401  0.111630  0.112637  0.113645  0.114345  0.114794  0.115102  0.115383  0.115495  0.115551  0.115579  0.115579  0.115579
        691       0.004385  0.007176  0.011668  0.015342  0.021147  0.025369  0.030743  0.038299  0.044684  0.050215  0.058769  0.064672  0.069029  0.072436  0.075182  0.077502  0.079395  0.081020  0.082404  0.084823  0.087057  0.089132  0.090773  0.092198  0.093404  0.094393  0.095355  0.096070  0.096511  0.096786  0.097062  0.097172  0.097227  0.097282  0.097282  0.097282
        692       0.003958  0.006546  0.010783  0.014226  0.019718  0.023678  0.028631  0.035601  0.041395  0.046332  0.053955  0.059007  0.062700  0.065579  0.067958  0.069913  0.071603  0.073055  0.074320  0.076530  0.078719  0.080668  0.082295  0.083681  0.084850  0.085803  0.086757  0.087439  0.087875  0.088176  0.088421  0.088531  0.088613  0.088613  0.088613  0.088613
        693       0.004470  0.007347  0.011992  0.015804  0.021837  0.026180  0.031615  0.038970  0.044851  0.049863  0.057205  0.061918  0.065285  0.067829  0.069886  0.071689  0.073216  0.074551  0.075737  0.077810  0.079931  0.081818  0.083403  0.084796  0.085907  0.086866  0.087783  0.088438  0.088875  0.089115  0.089422  0.089531  0.089553  0.089575  0.089597  0.089597
        694       0.004460  0.007377  0.012098  0.015926  0.022041  0.026395  0.031826  0.039157  0.044945  0.049847  0.056941  0.061397  0.064539  0.066915  0.068895  0.070557  0.072006  0.073297  0.074400  0.076449  0.078502  0.080370  0.081942  0.083273  0.084360  0.085286  0.086184  0.086839  0.087248  0.087521  0.087794  0.087903  0.087930  0.087930  0.087930  0.087930
        695       0.004134  0.006848  0.011314  0.014961  0.020713  0.024831  0.029970  0.036897  0.042438  0.047092  0.053876  0.058212  0.061211  0.063499  0.065419  0.067022  0.068439  0.069672  0.070771  0.072759  0.074804  0.076638  0.078178  0.079476  0.080560  0.081454  0.082322  0.082947  0.083354  0.083626  0.083898  0.084007  0.084034  0.084061  0.084061  0.084061
        696       0.003155  0.005389  0.009091  0.012148  0.016968  0.020381  0.024651  0.030588  0.035498  0.039703  0.045965  0.050005  0.052873  0.055090  0.056941  0.058530  0.059909  0.061131  0.062195  0.064219  0.066247  0.068011  0.069564  0.070798  0.071818  0.072732  0.073593  0.074185  0.074616  0.074858  0.075128  0.075209  0.075262  0.075262  0.075262  0.075262
        697       0.002428  0.004334  0.007478  0.010101  0.014276  0.017146  0.020790  0.026062  0.030459  0.034333  0.040249  0.044083  0.046856  0.049059  0.050846  0.052426  0.053796  0.055011  0.056068  0.058079  0.060042  0.061822  0.063339  0.064565  0.065606  0.066460  0.067316  0.067877  0.068279  0.068547  0.068814  0.068921  0.068948  0.068948  0.068948  0.068948
        698       0.003130  0.005364  0.009041  0.012098  0.016892  0.020254  0.024498  0.030433  0.035265  0.039417  0.045625  0.049584  0.052426  0.054641  0.056438  0.058026  0.059325  0.060573  0.061636  0.063552  0.065552  0.067342  0.068788  0.070020  0.071040  0.071872  0.072678  0.073270  0.073647  0.073889  0.074185  0.074239  0.074320  0.074320  0.074320  0.074320
        699       0.003983  0.006622  0.010960  0.014505  0.020101  0.024088  0.029094  0.035809  0.041187  0.045730  0.052294  0.056412  0.059325  0.061530  0.063339  0.064885  0.066273  0.067449  0.068520  0.070449  0.072383  0.074158  0.075613  0.076800  0.077799  0.078637  0.079422  0.080018  0.080397  0.080614  0.080885  0.080993  0.081047  0.081047  0.081047  0.081047
        700       0.003908  0.006496  0.010732  0.014251  0.019820  0.023729  0.028631  0.035290  0.040588  0.045076  0.051583  0.055724  0.058583  0.060786  0.062594  0.064112  0.065472  0.066647  0.067717  0.069645  0.071577  0.073297  0.074777  0.075964  0.076908  0.077718  0.078529  0.079070  0.079476  0.079720  0.079936  0.080045  0.080072  0.080099  0.080099  0.080099
        701       0.004008  0.006672  0.011010  0.014581  0.020228  0.024241  0.029223  0.035964  0.041343  0.045861  0.052399  0.056570  0.059432  0.061609  0.063393  0.064965  0.066273  0.067449  0.068493  0.070422  0.072356  0.074077  0.075478  0.076665  0.077637  0.078394  0.079206  0.079747  0.080126  0.080343  0.080560  0.080668  0.080776  0.080776  0.080776  0.080776
        702       0.003727  0.006199  0.010313  0.013673  0.019020  0.022798  0.027536  0.033929  0.039094  0.043492  0.049884  0.053971  0.056740  0.058944  0.060727  0.062237  0.063558  0.064731  0.065798  0.067679  0.069607  0.071324  0.072721  0.073862  0.074810  0.075586  0.076363  0.076924  0.077291  0.077508  0.077724  0.077832  0.077875  0.077897  0.077897  0.077897
        703       0.002654  0.004636  0.007957  0.010657  0.015037  0.018037  0.021837  0.027217  0.031697  0.035627  0.041499  0.045311  0.048009  0.050136  0.051899  0.053427  0.054747  0.055909  0.056967  0.058875  0.060786  0.062461  0.063872  0.064965  0.065899  0.066674  0.067423  0.067958  0.068306  0.068520  0.068788  0.068841  0.068921  0.068921  0.068921  0.068921
        704       0.002954  0.005088  0.008587  0.011516  0.016155  0.019387  0.023448  0.029120  0.033738  0.037780  0.043769  0.047642  0.050373  0.052505  0.054271  0.055751  0.057126  0.058291  0.059272  0.061158  0.063073  0.064779  0.066140  0.067235  0.068172  0.068948  0.069672  0.070181  0.070557  0.070798  0.071013  0.071066  0.071147  0.071147  0.071147  0.071147
        705       0.003331  0.005591  0.009394  0.012528  0.017477  0.020968  0.025292  0.031310  0.036171  0.040353  0.046515  0.050452  0.053216  0.055328  0.057100  0.058583  0.059883  0.061051  0.062088  0.063925  0.065846  0.067476  0.068841  0.069967  0.070879  0.071630  0.072383  0.072866  0.073243  0.073458  0.073673  0.073781  0.073808  0.073808  0.073808  0.073808
        706       0.003105  0.005314  0.008965  0.011946  0.016688  0.020024  0.024165  0.029995  0.034773  0.038819  0.044893  0.048744  0.051478  0.053585  0.055328  0.056835  0.058132  0.059299  0.060254  0.062168  0.064059  0.065686  0.067048  0.068145  0.069029  0.069779  0.070503  0.071040  0.071362  0.071577  0.071791  0.071899  0.071926  0.071953  0.071953  0.071953
        707       0.003055  0.005239  0.008814  0.011794  0.016485  0.019769  0.023883  0.029635  0.034359  0.038403  0.044396  0.048245  0.050951  0.053032  0.054799  0.056279  0.057576  0.058716  0.059697  0.061583  0.063419  0.065125  0.066407  0.067530  0.068439  0.069189  0.069833  0.070369  0.070691  0.070905  0.071120  0.071228  0.071281  0.071308  0.071308  0.071308
        708       0.002679  0.004661  0.007957  0.010707  0.015012  0.018011  0.021786  0.027166  0.031645  0.035524  0.041317  0.045076  0.047721  0.049794  0.051504  0.052979  0.054271  0.055407  0.056438  0.058265  0.060148  0.061769  0.063100  0.064192  0.065072  0.065819  0.066460  0.066995  0.067316  0.067530  0.067744  0.067851  0.067877  0.067904  0.067904  0.067904
        709       0.002679  0.004686  0.007982  0.010732  0.015063  0.018062  0.021888  0.027243  0.031749  0.035601  0.041369  0.045102  0.047826  0.049821  0.051583  0.053032  0.054351  0.055460  0.056465  0.058291  0.060122  0.061796  0.063100  0.064165  0.065019  0.065766  0.066434  0.066941  0.067262  0.067476  0.067690  0.067770  0.067824  0.067824  0.067824  0.067824
        710       0.002829  0.004912  0.008360  0.011162  0.015647  0.018775  0.022706  0.028219  0.032756  0.036716  0.042542  0.046332  0.048980  0.051056  0.052742  0.054219  0.055486  0.056650  0.057629  0.059458  0.061317  0.062913  0.064219  0.065285  0.066140  0.066861  0.067530  0.068038  0.068359  0.068573  0.068761  0.068841  0.068921  0.068921  0.068921  0.068921
        711       0.002403  0.004234  0.007302  0.009874  0.013921  0.016714  0.020228  0.025318  0.029558  0.033324  0.038923  0.042542  0.045154  0.047249  0.048928  0.050399  0.051662  0.052768  0.053770  0.055566  0.057364  0.059034  0.060334  0.061397  0.062248  0.062887  0.063632  0.064059  0.064379  0.064592  0.064805  0.064912  0.064939  0.064965  0.064965  0.064965
        712       0.002336  0.004108  0.007159  0.009680  0.013693  0.016400  0.019897  0.024908  0.029086  0.032764  0.038360  0.042003  0.044579  0.046637  0.048350  0.049751  0.051013  0.052136  0.053120  0.054984  0.056782  0.058371  0.059679  0.060706  0.061556  0.062230  0.062940  0.063401  0.063721  0.063934  0.064147  0.064254  0.064254  0.064290  0.064290  0.064290
        713       0.002578  0.004485  0.007705  0.010328  0.014555  0.017401  0.021121  0.026318  0.030665  0.034462  0.040093  0.043795  0.046384  0.048455  0.050136  0.051556  0.052821  0.053928  0.054931  0.056729  0.058530  0.060122  0.061450  0.062461  0.063313  0.064005  0.064699  0.065152  0.065499  0.065686  0.065873  0.065980  0.066033  0.066033  0.066033  0.066033
        714       0.002779  0.004812  0.008183  0.010960  0.015342  0.018393  0.022271  0.027680  0.032162  0.036016  0.041786  0.045521  0.048140  0.050136  0.051820  0.053295  0.054562  0.055618  0.056597  0.058397  0.060201  0.061796  0.063100  0.064139  0.064992  0.065659  0.066327  0.066808  0.067129  0.067342  0.067556  0.067637  0.067663  0.067690  0.067690  0.067690
        715       0.003105  0.005264  0.008889  0.011845  0.016587  0.019871  0.023960  0.029712  0.034384  0.038403  0.044292  0.048062  0.050715  0.052768  0.054456  0.055856  0.057100  0.058185  0.059219  0.060972  0.062780  0.064352  0.065632  0.066647  0.067503  0.068172  0.068868  0.069323  0.069645  0.069859  0.070047  0.070101  0.070181  0.070181  0.070181  0.070181
        716       0.004259  0.007075  0.011567  0.015266  0.021121  0.025318  0.030459  0.037364  0.042803  0.047327  0.053823  0.057841  0.060573  0.062674  0.064325  0.065766  0.066968  0.068065  0.069055  0.070852  0.072624  0.074212  0.075478  0.076476  0.077313  0.077962  0.078610  0.079124  0.079422  0.079584  0.079801  0.079909  0.079909  0.079964  0.079964  0.079964
        717       0.007226  0.011541  0.018368  0.023857  0.032549  0.038975  0.046699  0.056570  0.063872  0.069672  0.077664  0.082322  0.085286  0.087466  0.089132  0.090581  0.091841  0.092911  0.093899  0.095658  0.097420  0.098992  0.100207  0.101203  0.102033  0.102697  0.103363  0.103806  0.104111  0.104333  0.104472  0.104583  0.104666  0.104666  0.104666  0.104666
        718       0.008259  0.013111  0.020662  0.026729  0.036457  0.043638  0.052241  0.063100  0.071093  0.077313  0.085776  0.090663  0.093734  0.095878  0.097613  0.099020  0.100262  0.101341  0.102310  0.104084  0.105833  0.107390  0.108644  0.109564  0.110401  0.111043  0.111658  0.112105  0.112413  0.112609  0.112777  0.112861  0.112945  0.112945  0.112945  0.112945
        719       0.009344  0.014708  0.023090  0.029815  0.040484  0.048508  0.058000  0.069913  0.078610  0.085258  0.094256  0.099351  0.102503  0.104666  0.106389  0.107808  0.109062  0.110122  0.111071  0.112833  0.114569  0.116084  0.117321  0.118305  0.119065  0.119657  0.120333  0.120700  0.121010  0.121236  0.121377  0.121490  0.121490  0.121518  0.121546  0.121546
        720       0.008209  0.013009  0.020483  0.026549  0.036171  0.043273  0.051872  0.062594  0.070530  0.076719  0.085068  0.089952  0.092965  0.095080  0.096814  0.098219  0.099434  0.100484  0.101451  0.103168  0.104916  0.106417  0.107641  0.108532  0.109313  0.109982  0.110541  0.110987  0.111211  0.111434  0.111630  0.111658  0.111770  0.111770  0.111770  0.111770
        721       0.004745  0.007797  0.012680  0.016672  0.022962  0.027508  0.033109  0.040475  0.046149  0.050907  0.057558  0.061663  0.064396  0.066425  0.068029  0.069422  0.070637  0.071711  0.072642  0.074400  0.076089  0.077601  0.078755  0.079729  0.080451  0.081029  0.081644  0.082042  0.082331  0.082512  0.082657  0.082766  0.082802  0.082802  0.082802  0.082802
        722       0.003908  0.006521  0.010783  0.014251  0.019769  0.023704  0.028502  0.035057  0.040249  0.044553  0.050820  0.054720  0.057364  0.059352  0.060972  0.062354  0.063579  0.064619  0.065579  0.067289  0.069002  0.070503  0.071657  0.072544  0.073297  0.073862  0.074454  0.074831  0.075128  0.075316  0.075451  0.075559  0.075586  0.075586  0.075586  0.075586
        723       0.006144  0.009899  0.015850  0.020662  0.028271  0.033841  0.040614  0.049348  0.055936  0.061211  0.068547  0.072920  0.075748  0.077799  0.079422  0.080831  0.082024  0.083056  0.084007  0.085721  0.087439  0.088859  0.090034  0.090910  0.091622  0.092198  0.092746  0.093157  0.093404  0.093624  0.093789  0.093844  0.093899  0.093899  0.093899  0.093899
        724       0.007075  0.011314  0.017986  0.023371  0.031878  0.038195  0.045756  0.055407  0.062620  0.068279  0.076071  0.080641  0.083545  0.085640  0.087275  0.088640  0.089788  0.090882  0.091814  0.093514  0.095163  0.096649  0.097806  0.098661  0.099351  0.099903  0.100456  0.100871  0.101120  0.101285  0.101451  0.101535  0.101562  0.101562  0.101562  0.101562
        725       0.006874  0.010985  0.017426  0.022680  0.030975  0.037105  0.044448  0.053876  0.060918  0.066487  0.074131  0.078637  0.081508  0.083572  0.085177  0.086593  0.087739  0.088804  0.089761  0.091430  0.093075  0.094503  0.095658  0.096511  0.097199  0.097751  0.098275  0.098633  0.098937  0.099075  0.099268  0.099296  0.099378  0.099378  0.099378  0.099378
        726       0.006957  0.011061  0.017587  0.022928  0.031284  0.037425  0.044823  0.054315  0.061379  0.067031  0.074652  0.079188  0.082042  0.084107  0.085739  0.087048  0.088249  0.089341  0.090217  0.091969  0.093615  0.095044  0.096144  0.096988  0.097650  0.098201  0.098679  0.099084  0.099342  0.099526  0.099673  0.099747  0.099784  0.099784  0.099784  0.099784
        727       0.007176  0.011415  0.018139  0.023550  0.032136  0.038455  0.046096  0.055777  0.062993  0.068707  0.076449  0.080993  0.083898  0.085939  0.087548  0.088941  0.090116  0.091129  0.092060  0.093734  0.095383  0.096786  0.097889  0.098744  0.099406  0.099931  0.100456  0.100815  0.101092  0.101230  0.101396  0.101451  0.101479  0.101535  0.101535  0.101535
        728       0.006169  0.009924  0.015901  0.020713  0.028374  0.033971  0.040744  0.049453  0.056041  0.061317  0.068573  0.072893  0.075667  0.077664  0.079287  0.080641  0.081807  0.082838  0.083735  0.085422  0.087057  0.088476  0.089569  0.090362  0.091019  0.091567  0.092033  0.092444  0.092664  0.092801  0.092993  0.093020  0.093103  0.093103  0.093103  0.093103
        729       0.006471  0.010379  0.016587  0.021581  0.029506  0.035316  0.042334  0.051320  0.058106  0.063472  0.070905  0.075289  0.078097  0.080045  0.081671  0.082974  0.084170  0.085231  0.086130  0.087766  0.089405  0.090800  0.091869  0.092691  0.093295  0.093816  0.094283  0.094695  0.094915  0.095053  0.095245  0.095273  0.095355  0.095355  0.095355  0.095355
        730       0.006395  0.010227  0.016333  0.021300  0.029094  0.034850  0.041734  0.050636  0.057285  0.062674  0.069993  0.074320  0.077097  0.079097  0.080695  0.082024  0.083191  0.084197  0.085122  0.086757  0.088394  0.089761  0.090800  0.091595  0.092225  0.092773  0.093212  0.093569  0.093789  0.093981  0.094091  0.094201  0.094201  0.094228  0.094228  0.094228
        731       0.006085  0.009815  0.015689  0.020441  0.027954  0.033488  0.040128  0.048700  0.055196  0.060387  0.067565  0.071782  0.074544  0.076557  0.078142  0.079476  0.080596  0.081644  0.082512  0.084143  0.085776  0.087157  0.088176  0.088977  0.089597  0.090107  0.090581  0.090910  0.091165  0.091312  0.091458  0.091531  0.091567  0.091567  0.091567  0.091567
        732       0.004184  0.006924  0.011339  0.014961  0.020636  0.024728  0.029738  0.036431  0.041656  0.046018  0.052267  0.056121  0.058689  0.060600  0.062115  0.063472  0.064619  0.065632  0.066487  0.068145  0.069752  0.071093  0.072168  0.072920  0.073566  0.074050  0.074535  0.074858  0.075074  0.075236  0.075397  0.075451  0.075505  0.075505  0.075505  0.075505
        733       0.003356  0.005691  0.009470  0.012604  0.017502  0.020943  0.025267  0.031130  0.035834  0.039859  0.045651  0.049295  0.051767  0.053665  0.055222  0.056517  0.057682  0.058662  0.059591  0.061184  0.062780  0.064165  0.065179  0.065953  0.066567  0.067048  0.067503  0.067851  0.068091  0.068225  0.068359  0.068439  0.068466  0.068493  0.068493  0.068493
        734       0.002938  0.005046  0.008503  0.011432  0.015926  0.019047  0.022996  0.028468  0.032902  0.036664  0.042281  0.045835  0.048245  0.050136  0.051679  0.052979  0.054139  0.055090  0.056006  0.057629  0.059219  0.060564  0.061592  0.062372  0.062940  0.063472  0.063899  0.064219  0.064467  0.064645  0.064752  0.064859  0.064859  0.064859  0.064859  0.064859
        735       0.003381  0.005641  0.009419  0.012528  0.017375  0.020841  0.025087  0.030923  0.035601  0.039573  0.045364  0.048954  0.051425  0.053322  0.054852  0.056121  0.057285  0.058265  0.059166  0.060786  0.062354  0.063686  0.064725  0.065499  0.066086  0.066567  0.067022  0.067369  0.067583  0.067744  0.067877  0.067958  0.067984  0.067984  0.067984  0.067984
        736       0.003682  0.006144  0.010126  0.013440  0.018597  0.022246  0.026780  0.032937  0.037780  0.041890  0.047799  0.051451  0.053928  0.055830  0.057338  0.058689  0.059750  0.060759  0.061663  0.063259  0.064859  0.066140  0.067209  0.067958  0.068547  0.069029  0.069457  0.069833  0.070047  0.070208  0.070315  0.070422  0.070422  0.070422  0.070422  0.070422
        737       0.003071  0.005281  0.008805  0.011735  0.016367  0.019557  0.023610  0.029154  0.033660  0.037494  0.043116  0.046637  0.049050  0.050907  0.052417  0.053717  0.054808  0.055795  0.056711  0.058300  0.059892  0.061202  0.062230  0.062975  0.063579  0.064041  0.064503  0.064823  0.065072  0.065214  0.065357  0.065428  0.065428  0.065463  0.065463  0.065463
        738       0.002829  0.004837  0.008158  0.010935  0.015291  0.018291  0.022041  0.027320  0.031620  0.035368  0.040796  0.044265  0.046672  0.048508  0.050031  0.051293  0.052399  0.053401  0.054245  0.055856  0.057417  0.058769  0.059777  0.060520  0.061131  0.061583  0.062062  0.062381  0.062620  0.062753  0.062913  0.062966  0.062993  0.063020  0.063020  0.063020
        739       0.002553  0.004435  0.007579  0.010177  0.014276  0.017095  0.020662  0.025677  0.029815  0.033402  0.038715  0.042125  0.044474  0.046306  0.047826  0.049085  0.050189  0.051188  0.052030  0.053612  0.055196  0.056491  0.057523  0.058265  0.058901  0.059325  0.059803  0.060175  0.060387  0.060493  0.060653  0.060706  0.060732  0.060759  0.060759  0.060759
        740       0.002169  0.003841  0.006655  0.009007  0.012680  0.015215  0.018402  0.022996  0.026823  0.030253  0.035385  0.038637  0.040996  0.042768  0.044265  0.045521  0.046637  0.047616  0.048455  0.050031  0.051609  0.052944  0.053964  0.054738  0.055301  0.055795  0.056253  0.056570  0.056782  0.056958  0.057100  0.057170  0.057170  0.057205  0.057205  0.057205
        741       0.001977  0.003556  0.006270  0.008511  0.012047  0.014429  0.017451  0.021888  0.025651  0.028965  0.033996  0.037235  0.039547  0.041343  0.042803  0.044083  0.045180  0.046149  0.047013  0.048586  0.050136  0.051451  0.052478  0.053216  0.053849  0.054324  0.054773  0.055116  0.055328  0.055486  0.055645  0.055698  0.055724  0.055751  0.055751  0.055751
        742       0.001877  0.003381  0.005993  0.008158  0.011567  0.013871  0.016816  0.021096  0.024779  0.028039  0.033014  0.036223  0.038481  0.040275  0.041760  0.043012  0.044083  0.045050  0.045939  0.047511  0.049033  0.050373  0.051399  0.052162  0.052768  0.053216  0.053717  0.054034  0.054245  0.054377  0.054562  0.054588  0.054667  0.054667  0.054667  0.054667
        743       0.001635  0.003038  0.005482  0.007528  0.010724  0.012849  0.015554  0.019659  0.023166  0.026344  0.031147  0.034350  0.036526  0.038290  0.039781  0.041030  0.042142  0.043081  0.043917  0.045486  0.047057  0.048420  0.049435  0.050206  0.050802  0.051258  0.051785  0.052101  0.052311  0.052417  0.052628  0.052628  0.052733  0.052733  0.052733  0.052733
        744       0.001576  0.002954  0.005339  0.007352  0.010480  0.012503  0.015190  0.019208  0.022680  0.025779  0.030588  0.033686  0.035938  0.037702  0.039157  0.040405  0.041473  0.042464  0.043325  0.044867  0.046437  0.047721  0.048770  0.049532  0.050136  0.050636  0.051083  0.051425  0.051688  0.051820  0.051951  0.052030  0.052057  0.052057  0.052057  0.052057
        745       0.001501  0.002829  0.005138  0.007075  0.010151  0.012148  0.014758  0.018699  0.022092  0.025190  0.029918  0.033014  0.035239  0.036975  0.038429  0.039677  0.040796  0.041734  0.042568  0.044135  0.045678  0.046987  0.048009  0.048770  0.049400  0.049900  0.050346  0.050715  0.050951  0.051083  0.051267  0.051293  0.051346  0.051372  0.051372  0.051372
        746       0.001501  0.002804  0.005013  0.006957  0.009983  0.011971  0.014539  0.018402  0.021769  0.024839  0.029566  0.032661  0.034833  0.036595  0.038048  0.039295  0.040336  0.041273  0.042108  0.043673  0.045241  0.046603  0.047546  0.048385  0.049015  0.049435  0.049961  0.050276  0.050487  0.050697  0.050802  0.050907  0.050907  0.050907  0.050907  0.050907
        747       0.001426  0.002729  0.004987  0.006899  0.009899  0.011870  0.014403  0.018240  0.021581  0.024651  0.029377  0.032420  0.034643  0.036353  0.037780  0.039027  0.040119  0.041056  0.041890  0.043430  0.044971  0.046280  0.047301  0.048062  0.048691  0.049190  0.049637  0.050005  0.050215  0.050346  0.050530  0.050557  0.050583  0.050636  0.050636  0.050636
        748       0.001401  0.002704  0.004912  0.006823  0.009747  0.011668  0.014200  0.017994  0.021360  0.024361  0.029017  0.032076  0.034281  0.036007  0.037425  0.038637  0.039712  0.040648  0.041517  0.043012  0.044579  0.045869  0.046882  0.047616  0.048245  0.048770  0.049190  0.049505  0.049716  0.049926  0.050031  0.050136  0.050136  0.050136  0.050136  0.050136
        749       0.001401  0.002704  0.004912  0.006748  0.009747  0.011643  0.014124  0.017935  0.021249  0.024267  0.028914  0.031929  0.034126  0.035860  0.037287  0.038481  0.039573  0.040510  0.041343  0.042855  0.044370  0.045678  0.046672  0.047432  0.048009  0.048481  0.048901  0.049243  0.049479  0.049637  0.049742  0.049847  0.049847  0.049873  0.049873  0.049873
        750       0.001401  0.002704  0.004912  0.006823  0.009815  0.011735  0.014268  0.018062  0.021394  0.024395  0.029051  0.032110  0.034281  0.035973  0.037390  0.038637  0.039677  0.040614  0.041447  0.042942  0.044474  0.045730  0.046742  0.047476  0.048035  0.048455  0.048945  0.049260  0.049470  0.049575  0.049751  0.049786  0.049821  0.049856  0.049856  0.049856
        751       0.001401  0.002654  0.004887  0.006773  0.009697  0.011617  0.014099  0.017884  0.021173  0.024216  0.028811  0.031852  0.034022  0.035679  0.037131  0.038299  0.039365  0.040275  0.041108  0.042647  0.044135  0.045390  0.046358  0.047065  0.047616  0.048062  0.048481  0.048796  0.049006  0.049138  0.049295  0.049348  0.049348  0.049400  0.049400  0.049400
        752       0.001401  0.002603  0.004812  0.006689  0.009579  0.011465  0.013964  0.017689  0.020985  0.023951  0.028571  0.031559  0.033729  0.035385  0.036802  0.038013  0.039053  0.039989  0.040787  0.042316  0.043778  0.045032  0.045974  0.046672  0.047196  0.047616  0.048035  0.048350  0.048560  0.048665  0.048770  0.048875  0.048875  0.048875  0.048875  0.048875
        753       0.001401  0.002603  0.004812  0.006622  0.009545  0.011415  0.013896  0.017604  0.020866  0.023857  0.028425  0.031413  0.033557  0.035239  0.036638  0.037858  0.038897  0.039781  0.040614  0.042125  0.043560  0.044788  0.045730  0.046384  0.046934  0.047327  0.047747  0.048009  0.048193  0.048324  0.048481  0.048508  0.048560  0.048586  0.048586  0.048586
        754       0.001401  0.002603  0.004812  0.006622  0.009545  0.011364  0.013795  0.017553  0.020815  0.023781  0.028297  0.031284  0.033453  0.035109  0.036526  0.037702  0.038741  0.039642  0.040475  0.041934  0.043395  0.044614  0.045555  0.046184  0.046707  0.047092  0.047476  0.047756  0.047931  0.048070  0.048175  0.048245  0.048280  0.048280  0.048280  0.048280
        755       0.001401  0.002603  0.004812  0.006622  0.009495  0.011364  0.013795  0.017502  0.020764  0.023729  0.028271  0.031233  0.033350  0.035032  0.036405  0.037598  0.038611  0.039547  0.040353  0.041812  0.043273  0.044474  0.045364  0.045992  0.046515  0.046882  0.047249  0.047511  0.047721  0.047826  0.047957  0.048009  0.048035  0.048035  0.048035  0.048035
        756       0.001301  0.002603  0.004812  0.006622  0.009444  0.011364  0.013795  0.017451  0.020713  0.023678  0.028194  0.031181  0.033247  0.034937  0.036318  0.037494  0.038533  0.039434  0.040232  0.041690  0.043116  0.044335  0.045207  0.045835  0.046323  0.046707  0.047057  0.047336  0.047476  0.047581  0.047756  0.047791  0.047791  0.047791  0.047791  0.047791
        757       0.001401  0.002628  0.004812  0.006647  0.009520  0.011415  0.013871  0.017553  0.020815  0.023781  0.028322  0.031284  0.033428  0.035083  0.036457  0.037650  0.038663  0.039573  0.040379  0.041838  0.043247  0.044474  0.045337  0.045939  0.046410  0.046777  0.047118  0.047380  0.047537  0.047642  0.047773  0.047852  0.047852  0.047852  0.047852  0.047852
        758       0.001802  0.003305  0.005750  0.007898  0.011162  0.013322  0.016197  0.020373  0.024054  0.027303  0.032351  0.035731  0.038152  0.039989  0.041517  0.042838  0.043917  0.044928  0.045730  0.047266  0.048735  0.049891  0.050767  0.051399  0.051855  0.052206  0.052557  0.052803  0.052979  0.053084  0.053190  0.053260  0.053295  0.053295  0.053295  0.053295
        759       0.017044  0.025651  0.038559  0.048718  0.064859  0.077313  0.092828  0.113589  0.130223  0.144072  0.165287  0.180383  0.191493  0.199885  0.206317  0.211308  0.215206  0.218280  0.220678  0.224144  0.226556  0.228219  0.229350  0.230105  0.230640  0.231050  0.231365  0.231617  0.231837  0.231964  0.232090  0.232090  0.232121  0.232153  0.232153  0.232153
        760       0.054808  0.081391  0.120512  0.151211  0.200038  0.239019  0.287193  0.351214  0.402021  0.443946  0.508550  0.555358  0.590109  0.616371  0.636326  0.651557  0.663135  0.671973  0.678718  0.687563  0.692681  0.695751  0.697490  0.698629  0.699366  0.699836  0.700239  0.700575  0.700776  0.700911  0.700978  0.701112  0.701112  0.701112  0.701112  0.701112
        761       0.038195  0.056888  0.084442  0.106139  0.140412  0.167679  0.201321  0.246092  0.281601  0.310985  0.356139  0.388645  0.412754  0.430937  0.444804  0.455430  0.463545  0.469724  0.474494  0.480984  0.484792  0.487231  0.488697  0.489676  0.490288  0.490696  0.491105  0.491391  0.491595  0.491677  0.491759  0.491881  0.491881  0.491881  0.491881  0.491881
        762       0.024908  0.037321  0.055830  0.070387  0.093542  0.111789  0.134446  0.164757  0.188984  0.209200  0.240290  0.262621  0.279185  0.291735  0.301285  0.308701  0.314437  0.318829  0.322228  0.326977  0.329987  0.331982  0.333284  0.334122  0.334681  0.335100  0.335519  0.335752  0.335939  0.336079  0.336172  0.336219  0.336266  0.336266  0.336266  0.336266
        763       0.030537  0.045599  0.067984  0.085585  0.113589  0.135677  0.163166  0.199854  0.229099  0.253377  0.290887  0.317832  0.337818  0.353003  0.364491  0.373385  0.380236  0.385479  0.389493  0.395007  0.398465  0.400664  0.402046  0.402943  0.403579  0.403991  0.404328  0.404628  0.404778  0.404928  0.405078  0.405078  0.405153  0.405153  0.405153  0.405153
        764       0.023610  0.035420  0.053014  0.066888  0.088904  0.106213  0.127758  0.156615  0.179685  0.198898  0.228491  0.249701  0.265486  0.277424  0.286527  0.293521  0.298990  0.303179  0.306480  0.310973  0.313889  0.315853  0.317134  0.317958  0.318554  0.318966  0.319333  0.319517  0.319792  0.319838  0.319930  0.320068  0.320068  0.320068  0.320068  0.320068
        765       0.014987  0.022655  0.034255  0.043430  0.058000  0.069296  0.083436  0.102476  0.117799  0.130650  0.150445  0.164550  0.174919  0.182842  0.188923  0.193645  0.197324  0.200251  0.202514  0.205826  0.208163  0.209826  0.210937  0.211647  0.212173  0.212544  0.212915  0.213162  0.213348  0.213441  0.213565  0.213626  0.213657  0.213657  0.213657  0.213657
        766       0.008704  0.013423  0.020713  0.026481  0.035662  0.042594  0.051363  0.063330  0.073037  0.081319  0.094054  0.103030  0.109592  0.114626  0.118521  0.121640  0.124053  0.126055  0.127644  0.130071  0.131971  0.133379  0.134370  0.135018  0.135514  0.135896  0.136240  0.136469  0.136622  0.136737  0.136851  0.136889  0.136928  0.136928  0.136928  0.136928
        767       0.005482  0.008671  0.013693  0.017723  0.024122  0.028811  0.034764  0.043047  0.049926  0.055830  0.064930  0.071210  0.075802  0.079332  0.082078  0.084324  0.086103  0.087593  0.088831  0.090800  0.092481  0.093798  0.094677  0.095337  0.095777  0.096107  0.096437  0.096731  0.096878  0.096988  0.097098  0.097172  0.097209  0.097209  0.097209  0.097209
        768       0.003356  0.005565  0.009116  0.012022  0.016612  0.019846  0.024011  0.029892  0.034876  0.039287  0.045965  0.050530  0.053823  0.056359  0.058397  0.060042  0.061423  0.062594  0.063579  0.065285  0.066808  0.068011  0.068895  0.069511  0.069967  0.070342  0.070664  0.070879  0.071040  0.071147  0.071254  0.071308  0.071335  0.071362  0.071362  0.071362
        769       0.002336  0.003941  0.006790  0.009108  0.012781  0.015283  0.018503  0.023166  0.027200  0.030769  0.036249  0.039920  0.042560  0.044579  0.046253  0.047651  0.048805  0.049786  0.050662  0.052171  0.053647  0.054808  0.055689  0.056288  0.056711  0.057064  0.057382  0.057629  0.057806  0.057912  0.058018  0.058053  0.058088  0.058088  0.058088  0.058088
        770       0.001735  0.003172  0.005582  0.007595  0.010758  0.012883  0.015554  0.019659  0.023132  0.026310  0.031181  0.034350  0.036629  0.038394  0.039850  0.041100  0.042142  0.043012  0.043847  0.045311  0.046707  0.047861  0.048700  0.049295  0.049751  0.050101  0.050416  0.050662  0.050802  0.050907  0.051048  0.051083  0.051118  0.051118  0.051118  0.051118
        771       0.001451  0.002754  0.004987  0.006874  0.009798  0.011693  0.014200  0.017909  0.021198  0.024165  0.028708  0.031645  0.033738  0.035394  0.036742  0.037884  0.038897  0.039755  0.040536  0.041916  0.043325  0.044501  0.045337  0.045887  0.046384  0.046725  0.047039  0.047275  0.047459  0.047563  0.047668  0.047721  0.047747  0.047747  0.047747  0.047747
        772       0.001401  0.002704  0.004845  0.006723  0.009579  0.011465  0.013930  0.017587  0.020815  0.023712  0.028194  0.031078  0.033143  0.034729  0.036076  0.037217  0.038187  0.039087  0.039816  0.041239  0.042629  0.043778  0.044614  0.045207  0.045660  0.045974  0.046323  0.046603  0.046707  0.046812  0.046952  0.047022  0.047022  0.047022  0.047022  0.047022
        773       0.001401  0.002603  0.004761  0.006572  0.009419  0.011263  0.013668  0.017299  0.020458  0.023320  0.027731  0.030588  0.032627  0.034229  0.035524  0.036612  0.037624  0.038481  0.039209  0.040588  0.041968  0.043142  0.043978  0.044605  0.045050  0.045390  0.045756  0.045992  0.046149  0.046253  0.046410  0.046410  0.046463  0.046463  0.046463  0.046463
        774       0.001334  0.002570  0.004711  0.006488  0.009276  0.011095  0.013457  0.017044  0.020169  0.023030  0.027371  0.030184  0.032213  0.033764  0.035075  0.036145  0.037148  0.037979  0.038741  0.040093  0.041447  0.042594  0.043499  0.044056  0.044579  0.044893  0.045311  0.045521  0.045730  0.045835  0.045939  0.045939  0.046044  0.046044  0.046044  0.046044
        775       0.001301  0.002503  0.004611  0.006421  0.009209  0.010994  0.013355  0.016909  0.020033  0.022825  0.027166  0.029978  0.031938  0.033488  0.034799  0.035869  0.036871  0.037702  0.038429  0.039781  0.041135  0.042316  0.043221  0.043813  0.044265  0.044684  0.045032  0.045276  0.045451  0.045555  0.045695  0.045730  0.045765  0.045765  0.045765  0.045765
        776       0.001301  0.002503  0.004611  0.006421  0.009142  0.010960  0.013288  0.016841  0.019897  0.022723  0.027029  0.029806  0.031800  0.033350  0.034626  0.035696  0.036629  0.037460  0.038256  0.039607  0.040961  0.042108  0.042977  0.043604  0.044091  0.044509  0.044823  0.045102  0.045276  0.045381  0.045521  0.045555  0.045590  0.045590  0.045625  0.045625
        777       0.001301  0.002503  0.004611  0.006421  0.009142  0.010960  0.013288  0.016841  0.019897  0.022757  0.026960  0.029738  0.031800  0.033272  0.034591  0.035627  0.036560  0.037390  0.038143  0.039547  0.040900  0.042073  0.042908  0.043534  0.044056  0.044448  0.044788  0.045076  0.045207  0.045311  0.045494  0.045521  0.045521  0.045521  0.045521  0.045521
        778       0.001301  0.002503  0.004611  0.006421  0.009142  0.010960  0.013288  0.016841  0.019897  0.022655  0.026960  0.029738  0.031697  0.033247  0.034488  0.035593  0.036526  0.037356  0.038117  0.039469  0.040822  0.041968  0.042838  0.043464  0.043952  0.044370  0.044684  0.044997  0.045172  0.045276  0.045416  0.045416  0.045486  0.045486  0.045521  0.045521
        779       0.001301  0.002503  0.004611  0.006421  0.009209  0.010960  0.013288  0.016841  0.019897  0.022723  0.026994  0.029738  0.031697  0.033247  0.034488  0.035593  0.036526  0.037321  0.038083  0.039469  0.040822  0.041968  0.042803  0.043430  0.043952  0.044300  0.044684  0.044962  0.045137  0.045241  0.045381  0.045416  0.045451  0.045451  0.045451  0.045451
        780       0.001301  0.002503  0.004611  0.006395  0.009142  0.010935  0.013263  0.016790  0.019846  0.022655  0.026883  0.029661  0.031620  0.033143  0.034384  0.035446  0.036379  0.037209  0.037936  0.039287  0.040640  0.041786  0.042647  0.043273  0.043769  0.044109  0.044501  0.044736  0.044945  0.045050  0.045154  0.045233  0.045259  0.045259  0.045259  0.045259
        781       0.001301  0.002503  0.004611  0.006320  0.009142  0.010859  0.013187  0.016638  0.019693  0.022552  0.026755  0.029532  0.031491  0.032937  0.034177  0.035282  0.036215  0.037010  0.037736  0.039087  0.040405  0.041551  0.042420  0.043047  0.043499  0.043882  0.044231  0.044509  0.044649  0.044753  0.044893  0.044928  0.044962  0.044962  0.044962  0.044962
        782       0.001301  0.002503  0.004611  0.006320  0.009142  0.010859  0.013187  0.016739  0.019795  0.022552  0.026755  0.029532  0.031456  0.032937  0.034177  0.035247  0.036145  0.036975  0.037702  0.039053  0.040405  0.041517  0.042351  0.042977  0.043430  0.043778  0.044126  0.044405  0.044544  0.044649  0.044753  0.044823  0.044858  0.044858  0.044858  0.044858
        783       0.001301  0.002503  0.004611  0.006421  0.009142  0.010926  0.013220  0.016739  0.019795  0.022552  0.026755  0.029532  0.031456  0.032937  0.034177  0.035213  0.036145  0.036975  0.037702  0.039053  0.040301  0.041447  0.042281  0.042908  0.043325  0.043673  0.044022  0.044265  0.044440  0.044544  0.044649  0.044684  0.044718  0.044718  0.044718  0.044718
        784       0.001376  0.002603  0.004736  0.006572  0.009344  0.011137  0.013516  0.017070  0.020126  0.022936  0.027166  0.029892  0.031852  0.033324  0.034566  0.035601  0.036534  0.037338  0.038065  0.039365  0.040666  0.041786  0.042620  0.043168  0.043586  0.043978  0.044292  0.044501  0.044684  0.044788  0.044893  0.044919  0.044919  0.044945  0.044945  0.044945
        785       0.001468  0.002737  0.004979  0.006823  0.009680  0.011600  0.014031  0.017689  0.020781  0.023644  0.027885  0.030631  0.032592  0.034039  0.035282  0.036318  0.037252  0.038083  0.038775  0.040058  0.041378  0.042455  0.043290  0.043813  0.044231  0.044579  0.044893  0.045102  0.045276  0.045346  0.045451  0.045521  0.045555  0.045555  0.045555  0.045555
        786       0.001735  0.003138  0.005515  0.007562  0.010657  0.012714  0.015351  0.019217  0.022484  0.025420  0.029772  0.032558  0.034522  0.036042  0.037252  0.038325  0.039191  0.039989  0.040718  0.042003  0.043325  0.044405  0.045172  0.045730  0.046149  0.046498  0.046742  0.047022  0.047127  0.047231  0.047336  0.047371  0.047441  0.047441  0.047441  0.047441
        787       0.002069  0.003606  0.006186  0.008402  0.011735  0.014031  0.016875  0.021019  0.024429  0.027474  0.032007  0.034799  0.036768  0.038325  0.039469  0.040510  0.041447  0.042212  0.042908  0.044265  0.045521  0.046603  0.047406  0.047931  0.048350  0.048665  0.048945  0.049155  0.049295  0.049400  0.049505  0.049540  0.049575  0.049575  0.049575  0.049575
        788       0.002403  0.004108  0.006999  0.009344  0.013009  0.015520  0.018673  0.023064  0.026703  0.029867  0.034514  0.037390  0.039391  0.040874  0.042125  0.043168  0.044030  0.044840  0.045521  0.046830  0.048088  0.049164  0.049952  0.050478  0.050846  0.051162  0.051451  0.051662  0.051793  0.051899  0.052004  0.052030  0.052083  0.052083  0.052083  0.052083
        789       0.002971  0.004979  0.008267  0.010892  0.015080  0.017994  0.021564  0.026447  0.030425  0.033764  0.038637  0.041656  0.043708  0.045172  0.046428  0.047406  0.048315  0.049085  0.049821  0.051083  0.052346  0.053401  0.054210  0.054703  0.055090  0.055407  0.055654  0.055865  0.056041  0.056147  0.056253  0.056253  0.056253  0.056253  0.056253  0.056253
        790       0.002837  0.004778  0.007965  0.010556  0.014640  0.017417  0.020917  0.025728  0.029600  0.032902  0.037736  0.040683  0.042664  0.044196  0.045381  0.046428  0.047301  0.048105  0.048805  0.050101  0.051363  0.052417  0.053155  0.053682  0.054034  0.054315  0.054632  0.054808  0.054949  0.055055  0.055125  0.055160  0.055160  0.055196  0.055231  0.055231
        791       0.002737  0.004611  0.007730  0.010286  0.014268  0.016977  0.020373  0.025044  0.028845  0.032144  0.036906  0.039850  0.041829  0.043325  0.044509  0.045555  0.046428  0.047231  0.047896  0.049190  0.050416  0.051469  0.052276  0.052733  0.053120  0.053436  0.053647  0.053858  0.053964  0.054069  0.054175  0.054175  0.054280  0.054280  0.054280  0.054280
        792       0.002603  0.004410  0.007428  0.009882  0.013727  0.016367  0.019693  0.024224  0.027988  0.031181  0.035869  0.038775  0.040718  0.042212  0.043430  0.044474  0.045311  0.046079  0.046777  0.048035  0.049295  0.050346  0.051083  0.051609  0.051925  0.052241  0.052452  0.052663  0.052768  0.052873  0.052979  0.053014  0.053084  0.053084  0.053084  0.053084
        793       0.002127  0.003682  0.006320  0.008511  0.011921  0.014226  0.017146  0.021275  0.024703  0.027705  0.032188  0.034980  0.036923  0.038377  0.039573  0.040588  0.041447  0.042229  0.042908  0.044161  0.045416  0.046463  0.047196  0.047695  0.048035  0.048324  0.048560  0.048744  0.048875  0.048954  0.049059  0.049085  0.049111  0.049111  0.049111  0.049111
        794       0.001902  0.003339  0.005817  0.007898  0.011095  0.013254  0.015960  0.019897  0.023166  0.026104  0.030459  0.033212  0.035109  0.036560  0.037771  0.038741  0.039642  0.040405  0.041100  0.042351  0.043569  0.044579  0.045311  0.045800  0.046149  0.046393  0.046672  0.046847  0.046987  0.047057  0.047127  0.047196  0.047231  0.047231  0.047231  0.047231
        795       0.002503  0.004242  0.007159  0.009579  0.013254  0.015825  0.019013  0.023439  0.027131  0.030253  0.034868  0.037702  0.039677  0.041135  0.042281  0.043325  0.044161  0.044928  0.045625  0.046882  0.048105  0.049085  0.049821  0.050346  0.050662  0.050942  0.051188  0.051363  0.051504  0.051574  0.051609  0.051714  0.051714  0.051714  0.051714  0.051714
        796       0.003205  0.005314  0.008772  0.011533  0.015926  0.018911  0.022689  0.027748  0.031800  0.035247  0.040128  0.043151  0.045137  0.046637  0.047791  0.048805  0.049681  0.050416  0.051118  0.052311  0.053577  0.054597  0.055266  0.055795  0.056112  0.056359  0.056641  0.056782  0.056923  0.056994  0.057064  0.057135  0.057170  0.057170  0.057170  0.057170
        797       0.002570  0.004376  0.007394  0.009815  0.013626  0.016231  0.019489  0.024020  0.027680  0.030837  0.035489  0.038360  0.040301  0.041760  0.042908  0.043917  0.044788  0.045521  0.046218  0.047441  0.048665  0.049681  0.050381  0.050872  0.051188  0.051469  0.051714  0.051890  0.052030  0.052101  0.052171  0.052206  0.052241  0.052241  0.052241  0.052241
        798       0.002336  0.004008  0.006756  0.009074  0.012613  0.015080  0.018096  0.022348  0.025899  0.028983  0.033453  0.036249  0.038187  0.039642  0.040787  0.041760  0.042664  0.043395  0.044056  0.045311  0.046533  0.047511  0.048245  0.048700  0.049050  0.049295  0.049540  0.049716  0.049821  0.049891  0.049996  0.050031  0.050066  0.050066  0.050101  0.050101
        799       0.002503  0.004242  0.007159  0.009545  0.013288  0.015858  0.019013  0.023473  0.027063  0.030219  0.034799  0.037598  0.039573  0.040961  0.042177  0.043116  0.043952  0.044753  0.045416  0.046672  0.047826  0.048875  0.049575  0.050031  0.050346  0.050627  0.050872  0.051013  0.051153  0.051223  0.051293  0.051363  0.051399  0.051399  0.051399  0.051399
        800       0.002854  0.004812  0.007982  0.010581  0.014632  0.017426  0.020892  0.025651  0.029455  0.032756  0.037468  0.040353  0.042307  0.043743  0.044919  0.045887  0.046777  0.047511  0.048167  0.049400  0.050583  0.051609  0.052320  0.052768  0.053084  0.053322  0.053585  0.053744  0.053849  0.053928  0.054034  0.054060  0.054113  0.054113  0.054113  0.054113
        801       0.002804  0.004711  0.007864  0.010454  0.014437  0.017180  0.020611  0.025318  0.029154  0.032351  0.037079  0.039920  0.041899  0.043325  0.044474  0.045451  0.046288  0.047022  0.047721  0.048910  0.050136  0.051118  0.051820  0.052276  0.052592  0.052873  0.053120  0.053260  0.053366  0.053436  0.053541  0.053577  0.053612  0.053612  0.053647  0.053647
        802       0.002938  0.004912  0.008099  0.010690  0.014809  0.017621  0.021121  0.025899  0.029772  0.033040  0.037771  0.040614  0.042594  0.044022  0.045207  0.046149  0.046987  0.047721  0.048420  0.049611  0.050767  0.051820  0.052522  0.052979  0.053295  0.053506  0.053788  0.053928  0.054034  0.054139  0.054210  0.054245  0.054245  0.054280  0.054315  0.054315
        803       0.002737  0.004611  0.007663  0.010151  0.014133  0.016807  0.020135  0.024737  0.028434  0.031663  0.036318  0.039122  0.041030  0.042455  0.043638  0.044579  0.045451  0.046184  0.046847  0.048035  0.049225  0.050241  0.050942  0.051399  0.051714  0.051960  0.052206  0.052346  0.052487  0.052557  0.052628  0.052663  0.052698  0.052698  0.052698  0.052698
        804       0.002537  0.004309  0.007226  0.009613  0.013389  0.015926  0.019149  0.023542  0.027166  0.030322  0.034833  0.037633  0.039503  0.040961  0.042108  0.043047  0.043882  0.044614  0.045241  0.046498  0.047651  0.048700  0.049330  0.049856  0.050171  0.050381  0.050592  0.050802  0.050907  0.051013  0.051118  0.051118  0.051118  0.051118  0.051118  0.051118
        805       0.002102  0.003640  0.006253  0.008402  0.011769  0.013998  0.016807  0.020883  0.024190  0.027166  0.031491  0.034212  0.036076  0.037460  0.038602  0.039573  0.040405  0.041135  0.041795  0.042977  0.044196  0.045172  0.045869  0.046323  0.046637  0.046882  0.047161  0.047301  0.047406  0.047511  0.047581  0.047616  0.047651  0.047686  0.047686  0.047686
        806       0.001969  0.003439  0.005951  0.008032  0.011263  0.013457  0.016163  0.020101  0.023371  0.026310  0.030528  0.033212  0.035075  0.036422  0.037563  0.038498  0.039330  0.040093  0.040787  0.041934  0.043151  0.044126  0.044858  0.045276  0.045590  0.045904  0.046114  0.046288  0.046428  0.046428  0.046533  0.046637  0.046637  0.046637  0.046637  0.046637
        807       0.002002  0.003439  0.005985  0.008066  0.011331  0.013491  0.016231  0.020169  0.023439  0.026378  0.030597  0.033281  0.035144  0.036491  0.037633  0.038568  0.039399  0.040128  0.040822  0.042003  0.043151  0.044196  0.044858  0.045346  0.045660  0.045939  0.046184  0.046323  0.046463  0.046533  0.046603  0.046672  0.046707  0.046707  0.046707  0.046707
        808       0.002136  0.003707  0.006353  0.008570  0.011938  0.014268  0.017112  0.021190  0.024600  0.027577  0.031904  0.034591  0.036422  0.037806  0.038949  0.039885  0.040718  0.041447  0.042073  0.043290  0.044474  0.045451  0.046149  0.046603  0.046987  0.047231  0.047476  0.047651  0.047756  0.047861  0.047931  0.047966  0.048035  0.048035  0.048035  0.048035
        809       0.002336  0.004008  0.006756  0.009041  0.012613  0.014978  0.017994  0.022212  0.025694  0.028708  0.033109  0.035834  0.037667  0.039087  0.040197  0.041169  0.041968  0.042699  0.043360  0.044544  0.045695  0.046742  0.047441  0.047896  0.048210  0.048525  0.048735  0.048945  0.049050  0.049155  0.049260  0.049260  0.049260  0.049295  0.049330  0.049330
        810       0.002537  0.004343  0.007260  0.009613  0.013355  0.015926  0.019115  0.023542  0.027131  0.030219  0.034695  0.037460  0.039330  0.040718  0.041829  0.042803  0.043604  0.044335  0.044997  0.046184  0.047336  0.048350  0.049050  0.049540  0.049891  0.050171  0.050416  0.050592  0.050732  0.050837  0.050907  0.050942  0.050978  0.050978  0.050978  0.050978
        811       0.003005  0.005013  0.008301  0.010960  0.015147  0.018028  0.021564  0.026378  0.030287  0.033557  0.038256  0.041065  0.043012  0.044405  0.045555  0.046498  0.047266  0.047966  0.048630  0.049856  0.051013  0.052030  0.052698  0.053225  0.053541  0.053858  0.054069  0.054280  0.054386  0.054491  0.054597  0.054597  0.054703  0.054703  0.054703  0.054703
        812       0.003506  0.005783  0.009377  0.012343  0.016943  0.020169  0.024088  0.029360  0.033557  0.036975  0.041899  0.044858  0.046742  0.048140  0.049295  0.050241  0.051048  0.051785  0.052417  0.053577  0.054773  0.055795  0.056500  0.056994  0.057347  0.057629  0.057912  0.058053  0.058230  0.058300  0.058371  0.058442  0.058442  0.058477  0.058477  0.058477
        813       0.004343  0.007025  0.011229  0.014606  0.019965  0.023712  0.028297  0.034315  0.038914  0.042699  0.047966  0.051013  0.053014  0.054491  0.055583  0.056500  0.057347  0.058088  0.058724  0.059892  0.061060  0.062053  0.062762  0.063295  0.063615  0.063934  0.064183  0.064361  0.064539  0.064574  0.064681  0.064787  0.064787  0.064787  0.064787  0.064787
        814       0.005088  0.008083  0.012807  0.016612  0.022552  0.026857  0.032007  0.038663  0.043665  0.047721  0.053295  0.056544  0.058583  0.059989  0.061131  0.062088  0.062860  0.063606  0.064245  0.065419  0.066594  0.067610  0.068306  0.068814  0.069163  0.069484  0.069752  0.069940  0.070074  0.070181  0.070262  0.070315  0.070342  0.070342  0.070342  0.070342
        815       0.006320  0.009916  0.015520  0.020033  0.027131  0.032248  0.038360  0.046114  0.051820  0.056359  0.062478  0.065891  0.068029  0.069529  0.070673  0.071568  0.072427  0.073108  0.073718  0.074903  0.076089  0.077061  0.077817  0.078358  0.078683  0.079007  0.079224  0.079440  0.079621  0.079657  0.079765  0.079837  0.079873  0.079873  0.079873  0.079873
        816       0.007226  0.011263  0.017553  0.022518  0.030390  0.036111  0.042942  0.051504  0.057735  0.062585  0.069100  0.072714  0.074939  0.076377  0.077529  0.078502  0.079260  0.080018  0.080596  0.081789  0.082947  0.083961  0.084687  0.085159  0.085558  0.085812  0.086139  0.086321  0.086466  0.086539  0.086648  0.086684  0.086684  0.086684  0.086684  0.086684
        817       0.007058  0.010994  0.017180  0.022041  0.029772  0.035420  0.042073  0.050487  0.056641  0.061450  0.067815  0.071424  0.073575  0.075047  0.076233  0.077133  0.077962  0.078646  0.079260  0.080451  0.081644  0.082621  0.083309  0.083816  0.084143  0.084469  0.084796  0.084905  0.085122  0.085159  0.085231  0.085340  0.085340  0.085340  0.085340  0.085340
        818       0.006823  0.010707  0.016638  0.021428  0.028914  0.034436  0.040926  0.049085  0.055090  0.059803  0.066086  0.069672  0.071818  0.073270  0.074400  0.075370  0.076125  0.076881  0.077421  0.078610  0.079801  0.080776  0.081481  0.081970  0.082350  0.082621  0.082893  0.083056  0.083273  0.083327  0.083382  0.083490  0.083490  0.083490  0.083490  0.083490
        819       0.006085  0.009613  0.015046  0.019489  0.026344  0.031319  0.037287  0.044823  0.050416  0.054843  0.060848  0.064254  0.066282  0.067779  0.068850  0.069815  0.070566  0.071317  0.071962  0.073073  0.074221  0.075191  0.075946  0.076377  0.076809  0.077025  0.077349  0.077493  0.077673  0.077745  0.077817  0.077889  0.077889  0.077889  0.077889  0.077889
        820       0.004276  0.006890  0.011095  0.014437  0.019727  0.023439  0.027988  0.033936  0.038498  0.042212  0.047406  0.050452  0.052382  0.053752  0.054914  0.055759  0.056606  0.057311  0.057876  0.059043  0.060210  0.061166  0.061875  0.062337  0.062727  0.062975  0.063259  0.063401  0.063579  0.063615  0.063721  0.063792  0.063792  0.063828  0.063828  0.063828
        821       0.003540  0.005750  0.009411  0.012343  0.016943  0.020169  0.024122  0.029360  0.033557  0.036975  0.041795  0.044649  0.046568  0.047931  0.049050  0.049926  0.050732  0.051434  0.051995  0.053155  0.054315  0.055266  0.056006  0.056429  0.056782  0.057064  0.057311  0.057488  0.057594  0.057700  0.057770  0.057806  0.057841  0.057841  0.057841  0.057841
        822       0.005884  0.009344  0.014674  0.018945  0.025626  0.030459  0.036249  0.043604  0.049085  0.053436  0.059325  0.062620  0.064716  0.066104  0.067209  0.068136  0.068921  0.069600  0.070244  0.071353  0.072499  0.073467  0.074113  0.074580  0.074903  0.075155  0.075442  0.075586  0.075694  0.075766  0.075874  0.075910  0.075946  0.075946  0.075946  0.075946
        823       0.007696  0.012005  0.018605  0.023849  0.032110  0.038152  0.045346  0.054245  0.060777  0.065748  0.072391  0.076017  0.078250  0.079693  0.080812  0.081716  0.082476  0.083237  0.083780  0.084977  0.086066  0.087048  0.087703  0.088139  0.088467  0.088686  0.088904  0.089086  0.089196  0.089232  0.089341  0.089414  0.089451  0.089451  0.089451  0.089451
        824       0.004276  0.006957  0.011061  0.014403  0.019727  0.023439  0.028022  0.033902  0.038464  0.042177  0.047336  0.050311  0.052241  0.053612  0.054667  0.055583  0.056359  0.057064  0.057629  0.058760  0.059927  0.060812  0.061521  0.061946  0.062266  0.062478  0.062691  0.062833  0.062940  0.063011  0.063117  0.063117  0.063153  0.063153  0.063188  0.063188
        825       0.003439  0.005582  0.009108  0.011971  0.016468  0.019591  0.023405  0.028537  0.032558  0.035938  0.040648  0.043499  0.045346  0.046672  0.047756  0.048665  0.049400  0.050136  0.050697  0.051820  0.052909  0.053858  0.054491  0.054914  0.055231  0.055442  0.055654  0.055795  0.055900  0.055971  0.056077  0.056077  0.056112  0.056147  0.056147  0.056147
        826       0.003673  0.005985  0.009680  0.012646  0.017350  0.020611  0.024668  0.030013  0.034177  0.037598  0.042455  0.045311  0.047196  0.048560  0.049611  0.050487  0.051258  0.051925  0.052557  0.053647  0.054738  0.055689  0.056323  0.056711  0.056994  0.057205  0.057417  0.057594  0.057700  0.057735  0.057806  0.057841  0.057876  0.057912  0.057912  0.057912
        827       0.004410  0.007058  0.011263  0.014708  0.019999  0.023781  0.028365  0.034350  0.038914  0.042629  0.047826  0.050767  0.052698  0.054069  0.055125  0.056041  0.056782  0.057453  0.058053  0.059184  0.060281  0.061202  0.061769  0.062195  0.062514  0.062727  0.062869  0.063046  0.063153  0.063188  0.063259  0.063295  0.063366  0.063366  0.063366  0.063366
        828       0.005013  0.008066  0.012748  0.016536  0.022382  0.026652  0.031766  0.038325  0.043256  0.047231  0.052628  0.055795  0.057770  0.059149  0.060210  0.061060  0.061804  0.062549  0.063082  0.064219  0.065321  0.066175  0.066817  0.067209  0.067458  0.067672  0.067886  0.067993  0.068100  0.068207  0.068207  0.068315  0.068315  0.068315  0.068315  0.068315
        829       0.004510  0.007192  0.011499  0.014944  0.020339  0.024190  0.028845  0.034902  0.039503  0.043256  0.048420  0.051469  0.053366  0.054703  0.055759  0.056641  0.057382  0.058088  0.058654  0.059750  0.060848  0.061734  0.062337  0.062727  0.062975  0.063188  0.063401  0.063508  0.063615  0.063650  0.063721  0.063757  0.063828  0.063828  0.063828  0.063828
        830       0.004075  0.006588  0.010589  0.013795  0.018843  0.022416  0.026755  0.032420  0.036837  0.040405  0.045416  0.048350  0.050171  0.051539  0.052592  0.053436  0.054175  0.054914  0.055442  0.056606  0.057664  0.058512  0.059149  0.059467  0.059785  0.059998  0.060104  0.060281  0.060387  0.060423  0.060529  0.060529  0.060529  0.060529  0.060529  0.060529
        831       0.004108  0.006622  0.010623  0.013862  0.018911  0.022484  0.026789  0.032454  0.036906  0.040440  0.045451  0.048350  0.050206  0.051539  0.052592  0.053471  0.054210  0.054914  0.055477  0.056570  0.057629  0.058512  0.059149  0.059467  0.059715  0.059927  0.060104  0.060246  0.060316  0.060423  0.060458  0.060493  0.060529  0.060529  0.060529  0.060529
        832       0.003874  0.006286  0.010151  0.013288  0.018130  0.021564  0.025694  0.031216  0.035454  0.038983  0.043847  0.046707  0.048595  0.049856  0.050907  0.051820  0.052557  0.053225  0.053752  0.054879  0.055971  0.056817  0.057417  0.057770  0.058053  0.058194  0.058406  0.058512  0.058618  0.058654  0.058724  0.058760  0.058795  0.058830  0.058830  0.058830
        833       0.003657  0.006018  0.009697  0.012680  0.017299  0.020611  0.024651  0.029944  0.034022  0.037442  0.042229  0.045050  0.046882  0.048193  0.049190  0.050084  0.050820  0.051504  0.052083  0.053137  0.054245  0.055090  0.055671  0.056041  0.056306  0.056465  0.056676  0.056782  0.056888  0.056941  0.056994  0.056994  0.057047  0.057047  0.057047  0.057047
        834       0.003105  0.005147  0.008402  0.011061  0.015249  0.018198  0.021734  0.026515  0.030322  0.033522  0.038013  0.040753  0.042525  0.043813  0.044823  0.045695  0.046428  0.047092  0.047686  0.048735  0.049786  0.050662  0.051258  0.051609  0.051890  0.052066  0.052206  0.052346  0.052417  0.052487  0.052557  0.052592  0.052628  0.052628  0.052628  0.052628
        835       0.002737  0.004644  0.007696  0.010151  0.014031  0.016705  0.019999  0.024498  0.028057  0.031112  0.035489  0.038117  0.039885  0.041135  0.042177  0.043012  0.043813  0.044440  0.044997  0.046079  0.047127  0.048000  0.048560  0.048945  0.049190  0.049365  0.049505  0.049681  0.049751  0.049821  0.049891  0.049891  0.049926  0.049926  0.049926  0.049926
        836       0.003038  0.005013  0.008267  0.010825  0.014944  0.017723  0.021224  0.025933  0.029669  0.032833  0.037287  0.039954  0.041725  0.043012  0.044022  0.044858  0.045625  0.046253  0.046847  0.047896  0.048945  0.049821  0.050381  0.050767  0.050978  0.051188  0.051328  0.051469  0.051539  0.051609  0.051679  0.051714  0.051714  0.051714  0.051714  0.051714
        837       0.002938  0.004879  0.007965  0.010522  0.014505  0.017282  0.020645  0.025249  0.028948  0.032007  0.036422  0.039087  0.040822  0.042108  0.043116  0.043987  0.044718  0.045346  0.045939  0.046987  0.048035  0.048910  0.049470  0.049821  0.050066  0.050276  0.050416  0.050522  0.050627  0.050697  0.050732  0.050802  0.050802  0.050802  0.050802  0.050802
        838       0.002704  0.004477  0.007428  0.009848  0.013626  0.016197  0.019387  0.023781  0.027268  0.030253  0.034591  0.037183  0.038845  0.040162  0.041135  0.041968  0.042699  0.043395  0.043952  0.044997  0.046044  0.046882  0.047476  0.047826  0.048105  0.048245  0.048420  0.048560  0.048630  0.048665  0.048770  0.048770  0.048805  0.048840  0.048840  0.048840
        839       0.002470  0.004175  0.006991  0.009276  0.012815  0.015249  0.018266  0.022450  0.025865  0.028777  0.033005  0.035489  0.037252  0.038498  0.039434  0.040301  0.041030  0.041690  0.042247  0.043290  0.044335  0.045172  0.045800  0.046114  0.046393  0.046533  0.046742  0.046847  0.046952  0.046952  0.047057  0.047057  0.047092  0.047127  0.047127  0.047127
        840       0.002453  0.004209  0.006974  0.009293  0.012883  0.015266  0.018368  0.022501  0.025933  0.028811  0.032988  0.035575  0.037235  0.038481  0.039521  0.040353  0.041082  0.041708  0.042229  0.043273  0.044318  0.045207  0.045782  0.046096  0.046410  0.046515  0.046725  0.046830  0.046934  0.046987  0.047039  0.047039  0.047092  0.047144  0.047144  0.047144
        841       0.002570  0.004376  0.007226  0.009613  0.013322  0.015791  0.018945  0.023235  0.026721  0.029635  0.033902  0.036491  0.038152  0.039399  0.040405  0.041273  0.041968  0.042629  0.043151  0.044196  0.045241  0.046079  0.046707  0.047022  0.047231  0.047441  0.047616  0.047756  0.047861  0.047861  0.047966  0.047966  0.047966  0.047966  0.047966  0.047966
        842       0.002236  0.003841  0.006488  0.008637  0.012005  0.014302  0.017146  0.021087  0.024361  0.027166  0.031284  0.033764  0.035420  0.036664  0.037633  0.038464  0.039191  0.039816  0.040405  0.041447  0.042490  0.043325  0.043882  0.044265  0.044509  0.044684  0.044823  0.044962  0.045032  0.045102  0.045172  0.045207  0.045241  0.045241  0.045241  0.045241
        843       0.001902  0.003305  0.005683  0.007663  0.010724  0.012781  0.015351  0.019013  0.022041  0.024703  0.028640  0.031044  0.032661  0.033902  0.034868  0.035696  0.036422  0.037044  0.037633  0.038672  0.039712  0.040544  0.041100  0.041482  0.041725  0.041899  0.042038  0.042212  0.042247  0.042316  0.042420  0.042420  0.042455  0.042455  0.042455  0.042455
        844       0.001735  0.003071  0.005381  0.007226  0.010185  0.012140  0.014606  0.018096  0.021087  0.023644  0.027508  0.029875  0.031491  0.032730  0.033695  0.034522  0.035247  0.035869  0.036457  0.037494  0.038464  0.039365  0.039920  0.040301  0.040510  0.040718  0.040857  0.041030  0.041065  0.041135  0.041239  0.041239  0.041273  0.041273  0.041273  0.041273
        845       0.001651  0.002954  0.005163  0.007025  0.009848  0.011769  0.014150  0.017604  0.020458  0.023064  0.026857  0.029223  0.030872  0.032007  0.033040  0.033867  0.034591  0.035213  0.035731  0.036768  0.037806  0.038637  0.039261  0.039573  0.039885  0.039989  0.040197  0.040301  0.040405  0.040510  0.040510  0.040562  0.040614  0.040614  0.040614  0.040614
        846       0.001568  0.002804  0.004912  0.006689  0.009478  0.011263  0.013524  0.016841  0.019693  0.022212  0.026002  0.028297  0.029910  0.031112  0.032076  0.032902  0.033626  0.034246  0.034764  0.035800  0.036837  0.037667  0.038290  0.038637  0.038914  0.039087  0.039226  0.039399  0.039469  0.039538  0.039607  0.039642  0.039642  0.039642  0.039642  0.039642
        847       0.001535  0.002737  0.004845  0.006588  0.009310  0.011061  0.013355  0.016638  0.019489  0.021939  0.025694  0.028022  0.029600  0.030803  0.031766  0.032558  0.033281  0.033902  0.034453  0.035489  0.036526  0.037356  0.037944  0.038325  0.038568  0.038775  0.038949  0.039087  0.039191  0.039226  0.039295  0.039330  0.039365  0.039365  0.039365  0.039365
        848       0.001701  0.003005  0.005214  0.007025  0.009882  0.011769  0.014167  0.017621  0.020509  0.023098  0.026823  0.029189  0.030803  0.031972  0.032971  0.033764  0.034453  0.035075  0.035662  0.036699  0.037702  0.038568  0.039122  0.039503  0.039816  0.039954  0.040162  0.040301  0.040371  0.040475  0.040544  0.040579  0.040579  0.040579  0.040579  0.040579
        849       0.001635  0.002938  0.005147  0.006957  0.009781  0.011702  0.014031  0.017485  0.020373  0.022928  0.026686  0.028983  0.030631  0.031766  0.032764  0.033557  0.034246  0.034868  0.035454  0.036457  0.037460  0.038360  0.038914  0.039330  0.039642  0.039781  0.039954  0.040162  0.040267  0.040267  0.040371  0.040371  0.040440  0.040440  0.040440  0.040440
        850       0.001752  0.003155  0.005415  0.007327  0.010252  0.012174  0.014657  0.018164  0.021121  0.023678  0.027525  0.029892  0.031439  0.032678  0.033608  0.034436  0.035109  0.035679  0.036301  0.037338  0.038325  0.039209  0.039833  0.040145  0.040457  0.040666  0.040874  0.040978  0.041082  0.041187  0.041291  0.041291  0.041291  0.041291  0.041291  0.041291
        851       0.001868  0.003272  0.005649  0.007629  0.010657  0.012680  0.015215  0.018809  0.021871  0.024463  0.028331  0.030665  0.032317  0.033453  0.034419  0.035247  0.035938  0.036560  0.037114  0.038117  0.039157  0.040024  0.040614  0.041030  0.041308  0.041551  0.041725  0.041864  0.041968  0.042073  0.042108  0.042177  0.042177  0.042177  0.042177  0.042177
        852       0.001768  0.003105  0.005381  0.007226  0.010151  0.012073  0.014539  0.018028  0.020985  0.023542  0.027337  0.029669  0.031250  0.032420  0.033419  0.034177  0.034868  0.035489  0.036007  0.037044  0.038083  0.038949  0.039538  0.039954  0.040267  0.040475  0.040683  0.040822  0.040926  0.040996  0.041100  0.041100  0.041135  0.041135  0.041169  0.041169
        853       0.001701  0.003005  0.005180  0.007025  0.009848  0.011702  0.014065  0.017485  0.020339  0.022893  0.026618  0.028948  0.030494  0.031731  0.032661  0.033488  0.034108  0.034729  0.035316  0.036284  0.037321  0.038221  0.038810  0.039191  0.039503  0.039712  0.039920  0.040093  0.040232  0.040232  0.040336  0.040371  0.040405  0.040440  0.040440  0.040440
        854       0.001651  0.002954  0.005163  0.006974  0.009798  0.011668  0.013998  0.017350  0.020254  0.022757  0.026498  0.028811  0.030408  0.031542  0.032472  0.033298  0.034022  0.034643  0.035161  0.036197  0.037131  0.038065  0.038689  0.039001  0.039313  0.039521  0.039729  0.039937  0.040041  0.040041  0.040145  0.040197  0.040249  0.040249  0.040249  0.040249
        855       0.001535  0.002771  0.004845  0.006588  0.009344  0.011095  0.013322  0.016638  0.019421  0.021871  0.025523  0.027817  0.029360  0.030562  0.031491  0.032282  0.032971  0.033591  0.034108  0.035144  0.036180  0.037010  0.037633  0.038013  0.038290  0.038498  0.038706  0.038879  0.038983  0.039018  0.039087  0.039157  0.039191  0.039191  0.039191  0.039191
        856       0.001368  0.002537  0.004510  0.006152  0.008738  0.010387  0.012511  0.015621  0.018334  0.020747  0.024327  0.026584  0.028125  0.029257  0.030184  0.031009  0.031697  0.032248  0.032868  0.033798  0.034833  0.035662  0.036284  0.036699  0.036941  0.037183  0.037356  0.037529  0.037633  0.037702  0.037736  0.037806  0.037840  0.037840  0.037840  0.037840
        857       0.001301  0.002503  0.004410  0.006018  0.008536  0.010151  0.012275  0.015418  0.018062  0.020407  0.023985  0.026241  0.027782  0.028914  0.029841  0.030665  0.031284  0.031904  0.032420  0.033453  0.034488  0.035316  0.035938  0.036249  0.036560  0.036768  0.036975  0.037079  0.037183  0.037287  0.037338  0.037390  0.037390  0.037390  0.037390  0.037390
        858       0.001267  0.002336  0.004242  0.005817  0.008301  0.009882  0.011904  0.014911  0.017553  0.019897  0.023439  0.025660  0.027131  0.028297  0.029223  0.030013  0.030700  0.031319  0.031835  0.032833  0.033833  0.034695  0.035247  0.035627  0.035904  0.036111  0.036284  0.036457  0.036560  0.036595  0.036664  0.036699  0.036768  0.036768  0.036768  0.036768
        859       0.001201  0.002236  0.004075  0.005649  0.008032  0.009545  0.011567  0.014505  0.017044  0.019387  0.022859  0.025079  0.026549  0.027748  0.028674  0.029429  0.030116  0.030734  0.031250  0.032213  0.033212  0.034039  0.034660  0.034971  0.035282  0.035489  0.035662  0.035800  0.035904  0.035938  0.036007  0.036042  0.036076  0.036111  0.036111  0.036111
        860       0.001201  0.002202  0.004008  0.005515  0.007931  0.009444  0.011364  0.014302  0.016841  0.019115  0.022586  0.024737  0.026276  0.027405  0.028331  0.029120  0.029772  0.030390  0.030906  0.031904  0.032868  0.033695  0.034281  0.034626  0.034902  0.035075  0.035247  0.035385  0.035454  0.035524  0.035627  0.035627  0.035662  0.035662  0.035662  0.035662
        861       0.001151  0.002202  0.004008  0.005515  0.007881  0.009394  0.011314  0.014251  0.016790  0.019030  0.022501  0.024651  0.026190  0.027320  0.028245  0.028965  0.029686  0.030305  0.030820  0.031749  0.032781  0.033608  0.034126  0.034488  0.034747  0.034954  0.035109  0.035213  0.035316  0.035368  0.035472  0.035472  0.035472  0.035472  0.035472  0.035472
        862       0.001101  0.002202  0.003941  0.005448  0.007831  0.009276  0.011229  0.014099  0.016638  0.018911  0.022348  0.024532  0.026002  0.027131  0.028022  0.028811  0.029463  0.030081  0.030597  0.031559  0.032558  0.033384  0.033902  0.034246  0.034522  0.034660  0.034833  0.034971  0.035040  0.035109  0.035178  0.035213  0.035247  0.035247  0.035247  0.035247
        863       0.001101  0.002169  0.003908  0.005448  0.007797  0.009243  0.011196  0.014065  0.016604  0.018877  0.022314  0.024463  0.025933  0.027029  0.027954  0.028777  0.029394  0.030013  0.030528  0.031456  0.032489  0.033281  0.033833  0.034143  0.034350  0.034557  0.034695  0.034799  0.034902  0.034971  0.035006  0.035075  0.035075  0.035075  0.035075  0.035075
        864       0.001101  0.002102  0.003908  0.005415  0.007730  0.009192  0.011112  0.013947  0.016485  0.018724  0.022143  0.024293  0.025779  0.026909  0.027834  0.028554  0.029223  0.029789  0.030305  0.031336  0.032265  0.033092  0.033608  0.033919  0.034126  0.034333  0.034436  0.034591  0.034643  0.034747  0.034799  0.034850  0.034850  0.034850  0.034850  0.034850
        865       0.001101  0.002102  0.003908  0.005415  0.007730  0.009142  0.011061  0.013896  0.016400  0.018673  0.022041  0.024190  0.025660  0.026789  0.027680  0.028434  0.029120  0.029703  0.030219  0.031181  0.032144  0.032902  0.033453  0.033798  0.034005  0.034143  0.034315  0.034419  0.034522  0.034557  0.034626  0.034660  0.034660  0.034660  0.034660  0.034660
        866       0.001101  0.002102  0.003908  0.005415  0.007663  0.009142  0.011061  0.013896  0.016333  0.018605  0.022041  0.024122  0.025626  0.026755  0.027611  0.028399  0.029017  0.029635  0.030150  0.031078  0.032041  0.032833  0.033350  0.033660  0.033867  0.034039  0.034177  0.034281  0.034384  0.034419  0.034488  0.034522  0.034522  0.034522  0.034522  0.034522
        867       0.001101  0.002102  0.003908  0.005415  0.007730  0.009142  0.011061  0.013896  0.016333  0.018571  0.022041  0.024088  0.025626  0.026652  0.027577  0.028348  0.029017  0.029583  0.030098  0.031078  0.032007  0.032781  0.033298  0.033608  0.033815  0.033971  0.034126  0.034229  0.034281  0.034333  0.034384  0.034436  0.034436  0.034488  0.034488  0.034488
        868       0.001101  0.002102  0.003908  0.005381  0.007629  0.009142  0.010994  0.013829  0.016333  0.018571  0.021939  0.024088  0.025523  0.026618  0.027508  0.028262  0.028914  0.029497  0.030013  0.030940  0.031904  0.032695  0.033212  0.033522  0.033729  0.033867  0.034005  0.034108  0.034212  0.034246  0.034315  0.034315  0.034350  0.034350  0.034350  0.034350
        869       0.001101  0.002102  0.003908  0.005314  0.007629  0.009142  0.010960  0.013795  0.016333  0.018571  0.021939  0.023985  0.025455  0.026549  0.027474  0.028194  0.028845  0.029429  0.029944  0.030872  0.031800  0.032627  0.033109  0.033419  0.033626  0.033764  0.033902  0.034005  0.034074  0.034143  0.034177  0.034212  0.034246  0.034246  0.034246  0.034246
        870       0.001101  0.002102  0.003908  0.005314  0.007629  0.009142  0.010960  0.013795  0.016282  0.018520  0.021888  0.023985  0.025420  0.026549  0.027423  0.028194  0.028811  0.029377  0.029892  0.030872  0.031800  0.032523  0.033040  0.033350  0.033557  0.033712  0.033867  0.033971  0.034022  0.034074  0.034126  0.034177  0.034177  0.034177  0.034177  0.034177
        871       0.001101  0.002102  0.003874  0.005314  0.007629  0.009074  0.010960  0.013761  0.016231  0.018470  0.021803  0.023917  0.025352  0.026447  0.027337  0.028057  0.028742  0.029292  0.029806  0.030734  0.031663  0.032454  0.032937  0.033212  0.033419  0.033591  0.033695  0.033798  0.033902  0.033936  0.034005  0.034005  0.034039  0.034039  0.034039  0.034039
        872       0.001101  0.002102  0.003841  0.005314  0.007629  0.009041  0.010960  0.013693  0.016163  0.018402  0.021734  0.023883  0.025318  0.026344  0.027268  0.027988  0.028605  0.029223  0.029738  0.030665  0.031594  0.032317  0.032833  0.033143  0.033350  0.033453  0.033557  0.033660  0.033764  0.033798  0.033867  0.033867  0.033902  0.033902  0.033902  0.033902
        873       0.001101  0.002102  0.003908  0.005314  0.007629  0.009091  0.010960  0.013795  0.016231  0.018470  0.021837  0.023883  0.025318  0.026447  0.027268  0.027988  0.028657  0.029223  0.029738  0.030665  0.031594  0.032317  0.032833  0.033143  0.033350  0.033453  0.033557  0.033660  0.033764  0.033815  0.033867  0.033867  0.033919  0.033919  0.033919  0.033919
        874       0.001101  0.002102  0.003908  0.005314  0.007629  0.009074  0.010960  0.013795  0.016231  0.018470  0.021803  0.023883  0.025318  0.026378  0.027268  0.027988  0.028640  0.029189  0.029703  0.030631  0.031525  0.032282  0.032799  0.033074  0.033281  0.033419  0.033522  0.033626  0.033695  0.033764  0.033798  0.033833  0.033867  0.033867  0.033867  0.033867
        875       0.001101  0.002102  0.003908  0.005364  0.007629  0.009142  0.010960  0.013795  0.016231  0.018470  0.021837  0.023883  0.025318  0.026395  0.027268  0.027988  0.028605  0.029171  0.029686  0.030614  0.031491  0.032317  0.032781  0.033040  0.033247  0.033402  0.033557  0.033608  0.033660  0.033764  0.033764  0.033815  0.033867  0.033867  0.033867  0.033867
        876       0.001101  0.002202  0.003908  0.005415  0.007730  0.009175  0.011061  0.013896  0.016333  0.018571  0.021905  0.023985  0.025420  0.026481  0.027337  0.028091  0.028708  0.029257  0.029738  0.030665  0.031594  0.032351  0.032833  0.033143  0.033316  0.033453  0.033557  0.033660  0.033764  0.033798  0.033867  0.033867  0.033902  0.033902  0.033902  0.033902
        877       0.001167  0.002202  0.003975  0.005448  0.007763  0.009276  0.011162  0.013998  0.016434  0.018673  0.022041  0.024088  0.025523  0.026549  0.027440  0.028194  0.028811  0.029360  0.029841  0.030769  0.031697  0.032420  0.032937  0.033212  0.033419  0.033557  0.033660  0.033764  0.033833  0.033867  0.033936  0.033971  0.033971  0.033971  0.033971  0.033971
        878       0.001201  0.002303  0.004108  0.005616  0.007931  0.009444  0.011364  0.014302  0.016739  0.018979  0.022348  0.024395  0.025831  0.026857  0.027782  0.028502  0.029120  0.029635  0.030150  0.031078  0.032007  0.032730  0.033247  0.033557  0.033660  0.033867  0.033971  0.034074  0.034074  0.034177  0.034177  0.034281  0.034281  0.034281  0.034281  0.034281
        879       0.001201  0.002303  0.004108  0.005616  0.007999  0.009512  0.011432  0.014336  0.016807  0.019047  0.022416  0.024463  0.025899  0.026926  0.027817  0.028537  0.029189  0.029703  0.030219  0.031112  0.032007  0.032764  0.033247  0.033522  0.033729  0.033867  0.033971  0.034074  0.034143  0.034177  0.034246  0.034281  0.034281  0.034315  0.034315  0.034315
        880       0.001301  0.002353  0.004209  0.005767  0.008183  0.009697  0.011718  0.014606  0.017095  0.019336  0.022706  0.024805  0.026190  0.027268  0.028142  0.028863  0.029480  0.029995  0.030511  0.031439  0.032317  0.033092  0.033557  0.033815  0.034022  0.034177  0.034281  0.034384  0.034436  0.034540  0.034540  0.034591  0.034591  0.034643  0.034643  0.034643
        881       0.001301  0.002403  0.004309  0.005884  0.008301  0.009882  0.011870  0.014809  0.017350  0.019591  0.022962  0.025010  0.026447  0.027508  0.028365  0.029086  0.029703  0.030253  0.030734  0.031628  0.032523  0.033281  0.033764  0.034074  0.034246  0.034384  0.034488  0.034591  0.034660  0.034729  0.034764  0.034799  0.034799  0.034833  0.034833  0.034833
        882       0.001301  0.002403  0.004309  0.005917  0.008335  0.009899  0.011921  0.014860  0.017401  0.019642  0.023013  0.025061  0.026498  0.027525  0.028348  0.029068  0.029686  0.030305  0.030717  0.031645  0.032575  0.033298  0.033815  0.034022  0.034229  0.034436  0.034540  0.034643  0.034643  0.034747  0.034747  0.034850  0.034850  0.034850  0.034850  0.034850
        883       0.001301  0.002403  0.004309  0.005817  0.008267  0.009815  0.011803  0.014741  0.017248  0.019489  0.022825  0.024908  0.026310  0.027337  0.028228  0.028948  0.029566  0.030081  0.030597  0.031456  0.032351  0.033109  0.033591  0.033902  0.034039  0.034212  0.034315  0.034419  0.034522  0.034557  0.034626  0.034626  0.034660  0.034660  0.034660  0.034660
        884       0.001334  0.002436  0.004276  0.005850  0.008301  0.009815  0.011803  0.014708  0.017248  0.019489  0.022825  0.024873  0.026276  0.027337  0.028159  0.028880  0.029497  0.030013  0.030528  0.031422  0.032317  0.033040  0.033522  0.033833  0.034039  0.034143  0.034281  0.034384  0.034453  0.034488  0.034557  0.034557  0.034591  0.034591  0.034591  0.034591
        885       0.001451  0.002603  0.004611  0.006219  0.008789  0.010404  0.012478  0.015469  0.018062  0.020356  0.023781  0.025831  0.027268  0.028297  0.029120  0.029841  0.030459  0.030975  0.031491  0.032317  0.033247  0.033971  0.034488  0.034799  0.035006  0.035109  0.035213  0.035316  0.035420  0.035420  0.035524  0.035524  0.035524  0.035524  0.035524  0.035524
        886       0.001535  0.002737  0.004711  0.006387  0.008973  0.010623  0.012748  0.015825  0.018436  0.020747  0.024122  0.026173  0.027611  0.028640  0.029463  0.030184  0.030803  0.031319  0.031835  0.032764  0.033591  0.034315  0.034833  0.035144  0.035351  0.035454  0.035558  0.035662  0.035765  0.035800  0.035869  0.035869  0.035869  0.035938  0.035938  0.035938
        887       0.001401  0.002603  0.004560  0.006169  0.008688  0.010303  0.012326  0.015367  0.017909  0.020203  0.023576  0.025626  0.026960  0.028039  0.028863  0.029532  0.030150  0.030717  0.031181  0.032110  0.032937  0.033712  0.034177  0.034488  0.034695  0.034799  0.034954  0.035006  0.035109  0.035161  0.035213  0.035213  0.035265  0.035316  0.035316  0.035316
        888       0.001434  0.002570  0.004544  0.006119  0.008637  0.010252  0.012309  0.015317  0.017859  0.020135  0.023473  0.025523  0.026926  0.027988  0.028811  0.029497  0.030116  0.030631  0.031078  0.032007  0.032902  0.033626  0.034074  0.034384  0.034591  0.034695  0.034868  0.034971  0.035006  0.035075  0.035109  0.035178  0.035178  0.035178  0.035178  0.035178
        889       0.001451  0.002553  0.004560  0.006169  0.008688  0.010252  0.012326  0.015317  0.017859  0.020101  0.023473  0.025523  0.026960  0.027988  0.028811  0.029480  0.030098  0.030614  0.031078  0.032007  0.032833  0.033608  0.034074  0.034384  0.034591  0.034695  0.034799  0.034902  0.035006  0.035057  0.035109  0.035109  0.035161  0.035161  0.035161  0.035161
        890       0.001568  0.002771  0.004812  0.006454  0.009108  0.010791  0.012950  0.016028  0.018639  0.020951  0.024361  0.026412  0.027782  0.028845  0.029669  0.030322  0.030940  0.031456  0.031972  0.032799  0.033729  0.034453  0.034971  0.035213  0.035385  0.035593  0.035696  0.035800  0.035834  0.035904  0.035938  0.036007  0.036007  0.036007  0.036007  0.036007
        891       0.001752  0.003055  0.005214  0.006974  0.009747  0.011567  0.013845  0.017044  0.019744  0.022092  0.025574  0.027628  0.029068  0.030098  0.030923  0.031645  0.032213  0.032781  0.033195  0.034126  0.034954  0.035679  0.036197  0.036508  0.036612  0.036820  0.036923  0.037027  0.037131  0.037131  0.037235  0.037235  0.037235  0.037235  0.037235  0.037235
        892       0.002436  0.004041  0.006655  0.008772  0.012039  0.014302  0.017044  0.020849  0.023849  0.026447  0.030150  0.032282  0.033764  0.034799  0.035627  0.036318  0.036941  0.037460  0.037910  0.038810  0.039642  0.040371  0.040891  0.041204  0.041378  0.041517  0.041621  0.041725  0.041829  0.041829  0.041934  0.041934  0.041934  0.041934  0.041934  0.041934
        893       0.003456  0.005515  0.008839  0.011465  0.015621  0.018470  0.021939  0.026549  0.030098  0.032988  0.037079  0.039469  0.040926  0.041968  0.042803  0.043534  0.044161  0.044684  0.045102  0.045992  0.046882  0.047616  0.048035  0.048350  0.048560  0.048665  0.048823  0.048928  0.048980  0.049033  0.049085  0.049085  0.049138  0.049138  0.049138  0.049138
        894       0.004477  0.007025  0.011027  0.014167  0.019149  0.022689  0.026857  0.032248  0.036249  0.039538  0.043987  0.046533  0.048070  0.049155  0.049996  0.050697  0.051258  0.051785  0.052276  0.053155  0.053999  0.054738  0.055196  0.055513  0.055689  0.055830  0.055971  0.056041  0.056147  0.056218  0.056253  0.056253  0.056288  0.056323  0.056323  0.056323
        895       0.006370  0.009798  0.015063  0.019285  0.025728  0.030408  0.035938  0.042855  0.047826  0.051662  0.056888  0.059697  0.061344  0.062514  0.063366  0.064005  0.064645  0.065179  0.065606  0.066460  0.067316  0.068065  0.068600  0.068814  0.069029  0.069189  0.069350  0.069457  0.069457  0.069564  0.069564  0.069672  0.069672  0.069672  0.069672  0.069672
        896       0.008503  0.012950  0.019659  0.024942  0.033178  0.039157  0.046184  0.054738  0.060812  0.065463  0.071389  0.074544  0.076377  0.077565  0.078394  0.079079  0.079657  0.080162  0.080668  0.081535  0.082404  0.083092  0.083599  0.083925  0.084070  0.084252  0.084360  0.084469  0.084578  0.084578  0.084687  0.084687  0.084687  0.084687  0.084687  0.084687
        897       0.009697  0.014657  0.022194  0.028091  0.037235  0.044056  0.051872  0.061450  0.068065  0.073055  0.079476  0.082838  0.084741  0.085885  0.086757  0.087466  0.088066  0.088558  0.089050  0.089925  0.090746  0.091512  0.091951  0.092280  0.092499  0.092609  0.092719  0.092828  0.092938  0.092993  0.093048  0.093048  0.093103  0.093103  0.093103  0.093103
        898       0.011196  0.016909  0.025420  0.032110  0.042525  0.050206  0.059149  0.069886  0.077277  0.082802  0.089742  0.093359  0.095374  0.096548  0.097429  0.098127  0.098679  0.099231  0.099673  0.100557  0.101442  0.102107  0.102624  0.102882  0.103104  0.103252  0.103399  0.103510  0.103547  0.103621  0.103658  0.103732  0.103732  0.103732  0.103732  0.103732
        899       0.012832  0.019336  0.029017  0.036560  0.048298  0.057047  0.067155  0.079206  0.087466  0.093487  0.101092  0.104972  0.107029  0.108309  0.109145  0.109871  0.110429  0.110987  0.111434  0.112273  0.113113  0.113897  0.114345  0.114626  0.114794  0.114962  0.115130  0.115243  0.115243  0.115355  0.115355  0.115411  0.115467  0.115467  0.115467  0.115467
        900       0.012748  0.019183  0.028811  0.036318  0.047966  0.056641  0.066710  0.078610  0.086866  0.092847  0.100373  0.104250  0.106324  0.107585  0.108439  0.109145  0.109703  0.110224  0.110708  0.111565  0.112385  0.113131  0.113579  0.113916  0.114065  0.114252  0.114364  0.114476  0.114513  0.114588  0.114626  0.114663  0.114700  0.114700  0.114700  0.114700
        901       0.013440  0.020254  0.030305  0.038117  0.050346  0.059485  0.069993  0.082404  0.090965  0.097227  0.105027  0.108922  0.111043  0.112329  0.113169  0.113897  0.114457  0.114962  0.115411  0.116309  0.117152  0.117883  0.118333  0.118615  0.118784  0.118896  0.119121  0.119121  0.119234  0.119290  0.119347  0.119347  0.119347  0.119347  0.119347  0.119403
        902       0.012073  0.018130  0.027268  0.034350  0.045416  0.053682  0.063153  0.074508  0.082331  0.088103  0.095300  0.099010  0.101073  0.102291  0.103178  0.103843  0.104398  0.104953  0.105398  0.106176  0.107066  0.107771  0.108254  0.108514  0.108737  0.108848  0.108960  0.109071  0.109145  0.109183  0.109220  0.109294  0.109294  0.109294  0.109294  0.109294
        903       0.007881  0.012022  0.018317  0.023269  0.030975  0.036560  0.043168  0.051241  0.056994  0.061397  0.067048  0.070101  0.071818  0.073001  0.073808  0.074508  0.075047  0.075586  0.076017  0.076881  0.077745  0.078394  0.078881  0.079151  0.079368  0.079476  0.079584  0.079693  0.079801  0.079801  0.079855  0.079909  0.079909  0.079909  0.079909  0.079909
        904       0.005985  0.009209  0.014167  0.018130  0.024293  0.028742  0.033971  0.040544  0.045311  0.049050  0.054034  0.056747  0.058406  0.059467  0.060281  0.060954  0.061521  0.062017  0.062478  0.063295  0.064147  0.064859  0.065321  0.065606  0.065784  0.065926  0.066033  0.066140  0.066175  0.066247  0.066282  0.066318  0.066354  0.066354  0.066354  0.066354
        905       0.006521  0.010050  0.015418  0.019693  0.026293  0.031078  0.036716  0.043743  0.048770  0.052715  0.057894  0.060653  0.062354  0.063419  0.064272  0.064912  0.065499  0.065980  0.066460  0.067262  0.068118  0.068814  0.069296  0.069511  0.069725  0.069833  0.069940  0.070047  0.070154  0.070154  0.070262  0.070262  0.070262  0.070262  0.070262  0.070262
        906       0.008688  0.013187  0.019948  0.025318  0.033660  0.039781  0.046882  0.055513  0.061663  0.066300  0.072194  0.075424  0.077205  0.078286  0.079151  0.079801  0.080343  0.080885  0.081319  0.082187  0.083001  0.083708  0.084143  0.084415  0.084578  0.084741  0.084850  0.084905  0.084959  0.085013  0.085068  0.085068  0.085122  0.085122  0.085122  0.085122
        907       0.011836  0.017892  0.026823  0.033833  0.044753  0.052838  0.062159  0.073324  0.081029  0.086684  0.093798  0.097503  0.099452  0.100668  0.101479  0.102180  0.102734  0.103252  0.103695  0.104509  0.105361  0.106064  0.106509  0.106732  0.106954  0.107066  0.107177  0.107251  0.107288  0.107363  0.107400  0.107437  0.107474  0.107474  0.107474  0.107474
        908       0.012781  0.019234  0.028760  0.036249  0.047878  0.056517  0.066514  0.078394  0.086539  0.092499  0.099931  0.103751  0.105805  0.107029  0.107864  0.108532  0.109090  0.109592  0.110038  0.110876  0.111714  0.112385  0.112833  0.113113  0.113281  0.113393  0.113505  0.113561  0.113673  0.113673  0.113729  0.113785  0.113785  0.113785  0.113785  0.113785
        909       0.012950  0.019455  0.029154  0.036699  0.048525  0.057276  0.067423  0.079440  0.087703  0.093688  0.101184  0.105064  0.107066  0.108291  0.109145  0.109815  0.110410  0.110894  0.111304  0.112161  0.112982  0.113654  0.114102  0.114364  0.114551  0.114663  0.114775  0.114812  0.114887  0.114925  0.114999  0.114999  0.115037  0.115037  0.115037  0.115037
        910       0.012174  0.018368  0.027474  0.034643  0.045887  0.054139  0.063686  0.075101  0.082947  0.088722  0.095960  0.099710  0.101645  0.102864  0.103695  0.104361  0.104916  0.105416  0.105861  0.106695  0.107474  0.108142  0.108588  0.108867  0.109034  0.109145  0.109257  0.109369  0.109369  0.109480  0.109480  0.109480  0.109536  0.109536  0.109536  0.109536
        911       0.010960  0.016536  0.024873  0.031387  0.041551  0.049085  0.057806  0.068243  0.075514  0.080849  0.087630  0.091129  0.093029  0.094164  0.095044  0.095704  0.096254  0.096768  0.097209  0.097980  0.098790  0.099489  0.099894  0.100189  0.100336  0.100447  0.100520  0.100631  0.100668  0.100742  0.100778  0.100815  0.100852  0.100852  0.100852  0.100852
        912       0.012478  0.018775  0.028142  0.035420  0.046777  0.055248  0.065019  0.076611  0.084632  0.090472  0.097833  0.101535  0.103529  0.104750  0.105527  0.106194  0.106806  0.107251  0.107697  0.108532  0.109369  0.110038  0.110485  0.110708  0.110820  0.110932  0.111043  0.111155  0.111155  0.111267  0.111267  0.111267  0.111379  0.111379  0.111379  0.111379
        913       0.014403  0.021632  0.032265  0.040562  0.053506  0.063100  0.074239  0.087357  0.096291  0.102808  0.110820  0.114794  0.116927  0.118164  0.119009  0.119685  0.120249  0.120756  0.121208  0.121998  0.122789  0.123468  0.123921  0.124147  0.124260  0.124373  0.124487  0.124600  0.124657  0.124713  0.124713  0.124713  0.124770  0.124770  0.124827  0.124827
        914       0.012478  0.018707  0.028057  0.035351  0.046742  0.055125  0.064930  0.076485  0.084469  0.090289  0.097576  0.101295  0.103289  0.104509  0.105286  0.105953  0.106509  0.107029  0.107437  0.108291  0.109071  0.109740  0.110187  0.110410  0.110522  0.110634  0.110745  0.110857  0.110894  0.110969  0.110969  0.111006  0.111081  0.111081  0.111081  0.111081
        915       0.012275  0.018419  0.027628  0.034799  0.045992  0.054298  0.063899  0.075316  0.083164  0.088941  0.096126  0.099765  0.101756  0.102974  0.103751  0.104417  0.104972  0.105527  0.105972  0.106750  0.107530  0.108198  0.108644  0.108867  0.108978  0.109090  0.109201  0.109313  0.109369  0.109424  0.109424  0.109480  0.109536  0.109536  0.109536  0.109536
        916       0.011769  0.017757  0.026601  0.033557  0.044370  0.052346  0.061609  0.072624  0.080234  0.085885  0.092883  0.096456  0.098440  0.099544  0.100428  0.101092  0.101645  0.102088  0.102531  0.103307  0.104084  0.104750  0.105194  0.105416  0.105638  0.105749  0.105805  0.105861  0.105972  0.105972  0.106027  0.106083  0.106083  0.106083  0.106083  0.106083
        917       0.011432  0.017248  0.025899  0.032661  0.043186  0.050978  0.059998  0.070744  0.078214  0.083672  0.090545  0.094054  0.096034  0.097135  0.097980  0.098642  0.099194  0.099673  0.100115  0.100889  0.101664  0.102328  0.102771  0.102993  0.103141  0.103252  0.103326  0.103436  0.103510  0.103547  0.103547  0.103584  0.103658  0.103658  0.103658  0.103658
        918       0.010101  0.015266  0.023013  0.029068  0.038481  0.045468  0.053506  0.063206  0.069940  0.074993  0.081319  0.084632  0.086430  0.087630  0.088394  0.089050  0.089597  0.090034  0.090472  0.091293  0.092115  0.092773  0.093157  0.093432  0.093542  0.093652  0.093761  0.093816  0.093871  0.093926  0.093981  0.093981  0.093981  0.094036  0.094036  0.094036
        919       0.007293  0.011128  0.016943  0.021564  0.028708  0.033936  0.039989  0.047476  0.052838  0.056923  0.062266  0.065143  0.066745  0.067779  0.068600  0.069243  0.069779  0.070244  0.070673  0.071496  0.072284  0.072929  0.073360  0.073575  0.073718  0.073826  0.073934  0.074005  0.074077  0.074113  0.074149  0.074185  0.074185  0.074221  0.074221  0.074221
        920       0.006370  0.009798  0.015063  0.019183  0.025574  0.030253  0.035731  0.042490  0.047406  0.051135  0.056147  0.058795  0.060387  0.061450  0.062195  0.062833  0.063366  0.063899  0.064325  0.065072  0.065926  0.066567  0.066995  0.067209  0.067316  0.067423  0.067530  0.067637  0.067637  0.067744  0.067744  0.067744  0.067744  0.067744  0.067744  0.067744
        921       0.006672  0.010252  0.015723  0.020050  0.026652  0.031542  0.037235  0.044213  0.049243  0.053137  0.058212  0.060972  0.062567  0.063632  0.064379  0.065019  0.065552  0.066033  0.066460  0.067262  0.068065  0.068707  0.069136  0.069350  0.069511  0.069618  0.069672  0.069779  0.069833  0.069886  0.069886  0.069940  0.069940  0.069940  0.069940  0.069940
        922       0.006622  0.010118  0.015554  0.019795  0.026378  0.031147  0.036768  0.043673  0.048665  0.052522  0.057558  0.060281  0.061875  0.062940  0.063686  0.064325  0.064859  0.065321  0.065748  0.066567  0.067316  0.067958  0.068386  0.068600  0.068779  0.068886  0.068957  0.069029  0.069136  0.069136  0.069207  0.069243  0.069243  0.069243  0.069243  0.069243
        923       0.007579  0.011516  0.017502  0.022246  0.029635  0.034954  0.041239  0.048928  0.054351  0.058477  0.063899  0.066728  0.068386  0.069457  0.070208  0.070852  0.071389  0.071872  0.072248  0.073055  0.073862  0.074508  0.074885  0.075155  0.075262  0.075370  0.075478  0.075532  0.075640  0.075640  0.075694  0.075748  0.075748  0.075748  0.075748  0.075748
        924       0.008486  0.012984  0.019642  0.024805  0.032988  0.038897  0.045835  0.054245  0.060175  0.064699  0.070369  0.073431  0.075155  0.076179  0.076989  0.077637  0.078124  0.078610  0.079043  0.079801  0.080614  0.081264  0.081644  0.081915  0.082024  0.082132  0.082241  0.082295  0.082350  0.082404  0.082458  0.082458  0.082458  0.082458  0.082512  0.082512
        925       0.008301  0.012646  0.019115  0.024259  0.032213  0.038048  0.044858  0.053084  0.058972  0.063401  0.068993  0.071997  0.073682  0.074759  0.075514  0.076161  0.076701  0.077169  0.077565  0.078358  0.079151  0.079801  0.080198  0.080415  0.080596  0.080704  0.080776  0.080812  0.080921  0.080921  0.080993  0.081029  0.081029  0.081029  0.081029  0.081029
        926       0.008637  0.013136  0.019897  0.025215  0.033505  0.039573  0.046672  0.055248  0.061290  0.065819  0.071657  0.074724  0.076449  0.077529  0.078286  0.078881  0.079368  0.079909  0.080343  0.081102  0.081861  0.082512  0.082893  0.083164  0.083273  0.083382  0.083490  0.083545  0.083599  0.083599  0.083708  0.083708  0.083708  0.083708  0.083708  0.083708
        927       0.010505  0.015875  0.023934  0.030202  0.039937  0.047196  0.055618  0.065713  0.072678  0.077853  0.084415  0.087739  0.089542  0.090636  0.091458  0.092060  0.092609  0.093048  0.093487  0.094256  0.095025  0.095685  0.096126  0.096346  0.096456  0.096566  0.096676  0.096731  0.096786  0.096786  0.096896  0.096896  0.096896  0.096896  0.096896  0.096896
        928       0.013051  0.019625  0.029394  0.037010  0.048945  0.057806  0.068100  0.080271  0.088613  0.094640  0.102143  0.105953  0.107956  0.109145  0.109926  0.110559  0.111118  0.111565  0.111975  0.112758  0.113542  0.114177  0.114551  0.114775  0.114962  0.114999  0.115112  0.115224  0.115224  0.115336  0.115336  0.115336  0.115373  0.115411  0.115411  0.115411
        929       0.016536  0.024805  0.036975  0.046515  0.061290  0.072463  0.085286  0.100373  0.110596  0.117883  0.126754  0.131191  0.133417  0.134675  0.135476  0.136106  0.136622  0.137081  0.137539  0.138228  0.139032  0.139664  0.140067  0.140297  0.140470  0.140585  0.140642  0.140757  0.140757  0.140815  0.140873  0.140873  0.140930  0.140930  0.140930  0.140930
        930       0.021428  0.031955  0.047406  0.059485  0.078340  0.092554  0.108922  0.127947  0.140642  0.149603  0.160462  0.165582  0.168241  0.169544  0.170373  0.171026  0.171560  0.172035  0.172391  0.173223  0.173937  0.174651  0.175008  0.175247  0.175366  0.175485  0.175604  0.175664  0.175723  0.175723  0.175783  0.175843  0.175843  0.175843  0.175843  0.175843
        931       0.028262  0.042003  0.062195  0.077817  0.102291  0.120888  0.142178  0.166842  0.183082  0.194435  0.207845  0.214266  0.217244  0.218737  0.219650  0.220273  0.220855  0.221270  0.221728  0.222477  0.223227  0.223894  0.224269  0.224519  0.224645  0.224770  0.224812  0.224895  0.224979  0.225020  0.225020  0.225062  0.225104  0.225104  0.225104  0.225104
        932       0.034695  0.051504  0.076071  0.095190  0.124996  0.147746  0.173818  0.203770  0.223456  0.237116  0.253087  0.260521  0.263966  0.265660  0.266573  0.267226  0.267749  0.268272  0.268664  0.269449  0.270235  0.270825  0.271218  0.271415  0.271612  0.271677  0.271809  0.271874  0.271940  0.271940  0.272006  0.272006  0.272006  0.272006  0.272006  0.272006
        933       0.042073  0.062354  0.091951  0.114906  0.150823  0.178290  0.209611  0.245453  0.268991  0.285085  0.303879  0.312658  0.316562  0.318347  0.319310  0.319999  0.320550  0.320963  0.321377  0.322205  0.322964  0.323586  0.324000  0.324208  0.324346  0.324484  0.324554  0.324623  0.324623  0.324761  0.324761  0.324761  0.324761  0.324761  0.324761  0.324761
        934       0.049400  0.073108  0.107697  0.134446  0.176320  0.208255  0.244750  0.286483  0.313684  0.332261  0.353893  0.363771  0.368169  0.370122  0.371136  0.371861  0.372441  0.372877  0.373313  0.374039  0.374766  0.375421  0.375785  0.376076  0.376222  0.376295  0.376368  0.376440  0.376513  0.376513  0.376586  0.376586  0.376659  0.376659  0.376659  0.376659
        935       0.047651  0.070566  0.104028  0.129881  0.170433  0.201423  0.236736  0.277204  0.303586  0.321676  0.342725  0.352351  0.356627  0.358582  0.359584  0.360253  0.360779  0.361257  0.361640  0.362406  0.363172  0.363795  0.364227  0.364419  0.364563  0.364707  0.364803  0.364851  0.364851  0.364947  0.364995  0.364995  0.364995  0.364995  0.364995  0.364995
        936       0.045835  0.067851  0.099986  0.124883  0.163932  0.193706  0.227716  0.266704  0.292159  0.309655  0.329894  0.339256  0.343406  0.345241  0.346300  0.346937  0.347503  0.347928  0.348353  0.349132  0.349841  0.350480  0.350906  0.351119  0.351261  0.351403  0.351474  0.351545  0.351545  0.351616  0.351687  0.351687  0.351687  0.351687  0.351687  0.351687
        937       0.044161  0.065446  0.096456  0.120474  0.158058  0.186812  0.219587  0.257153  0.281634  0.298406  0.318004  0.327047  0.331077  0.332958  0.333935  0.334494  0.335053  0.335543  0.335962  0.336732  0.337503  0.338064  0.338484  0.338765  0.338905  0.338905  0.339046  0.339186  0.339186  0.339186  0.339326  0.339326  0.339326  0.339326  0.339326  0.339326
        938       0.030872  0.045869  0.067922  0.084941  0.111639  0.132009  0.155251  0.182082  0.199834  0.212080  0.226566  0.233404  0.236567  0.238088  0.239019  0.239654  0.240205  0.240586  0.241011  0.241774  0.242496  0.243134  0.243559  0.243772  0.243942  0.244069  0.244112  0.244240  0.244240  0.244325  0.244367  0.244367  0.244367  0.244367  0.244367  0.244367
        939       0.018368  0.027577  0.041082  0.051714  0.068386  0.080939  0.095520  0.112609  0.124034  0.132218  0.142082  0.146877  0.149254  0.150532  0.151346  0.151986  0.152510  0.152976  0.153326  0.154142  0.154843  0.155426  0.155894  0.156128  0.156245  0.156361  0.156478  0.156537  0.156595  0.156595  0.156712  0.156712  0.156712  0.156712  0.156712  0.156712
        940       0.017299  0.025933  0.038741  0.048770  0.064539  0.076395  0.090198  0.106361  0.117264  0.124996  0.134446  0.139090  0.141391  0.142659  0.143466  0.144044  0.144506  0.144968  0.145430  0.146125  0.146935  0.147514  0.147920  0.148152  0.148326  0.148442  0.148558  0.148558  0.148674  0.148674  0.148790  0.148790  0.148790  0.148790  0.148790  0.148790
        941       0.020458  0.030562  0.045521  0.057153  0.075370  0.089214  0.105138  0.123751  0.136163  0.144968  0.155485  0.160638  0.163166  0.164462  0.165287  0.165878  0.166350  0.166822  0.167177  0.168005  0.168715  0.169366  0.169781  0.170018  0.170136  0.170255  0.170373  0.170433  0.170492  0.170551  0.170610  0.170610  0.170610  0.170610  0.170610  0.170610
        942       0.028194  0.041934  0.062088  0.077673  0.102217  0.120775  0.142101  0.166724  0.183002  0.194354  0.207721  0.214101  0.217079  0.218529  0.219401  0.220023  0.220522  0.221021  0.221395  0.222102  0.222894  0.223519  0.223894  0.224144  0.224269  0.224394  0.224519  0.224645  0.224645  0.224770  0.224770  0.224770  0.224770  0.224770  0.224770  0.224770
        943       0.034384  0.050925  0.075262  0.094091  0.123581  0.145951  0.171678  0.201137  0.220522  0.233889  0.249616  0.256959  0.260326  0.261949  0.262859  0.263510  0.264031  0.264421  0.264812  0.265594  0.266312  0.266965  0.267357  0.267618  0.267749  0.267879  0.267945  0.268076  0.268141  0.268206  0.268206  0.268206  0.268272  0.268272  0.268272  0.268272
        944       0.033971  0.050452  0.074508  0.093157  0.122337  0.144621  0.170018  0.199244  0.218467  0.231743  0.247372  0.254634  0.257994  0.259548  0.260456  0.261105  0.261625  0.262079  0.262469  0.263185  0.263966  0.264552  0.265008  0.265203  0.265399  0.265464  0.265594  0.265725  0.265725  0.265790  0.265855  0.265855  0.265855  0.265855  0.265855  0.265855
        945       0.031594  0.046934  0.069350  0.086811  0.114009  0.134789  0.158585  0.185968  0.203954  0.216478  0.231176  0.238067  0.241244  0.242772  0.243665  0.244303  0.244814  0.245197  0.245645  0.246348  0.247116  0.247756  0.248141  0.248397  0.248525  0.248654  0.248782  0.248846  0.248910  0.248910  0.249038  0.249038  0.249038  0.249038  0.249038  0.249038
        946       0.030287  0.044997  0.066532  0.083237  0.109406  0.129350  0.152142  0.178369  0.195731  0.207721  0.221936  0.228617  0.231680  0.233194  0.234078  0.234710  0.235216  0.235638  0.236018  0.236736  0.237496  0.238130  0.238511  0.238765  0.238934  0.239019  0.239146  0.239188  0.239273  0.239315  0.239400  0.239400  0.239400  0.239400  0.239400  0.239400
        947       0.027217  0.040510  0.059962  0.075101  0.098771  0.116702  0.137367  0.161167  0.176916  0.187957  0.200954  0.207086  0.210042  0.211462  0.212327  0.212946  0.213441  0.213874  0.214246  0.214989  0.215734  0.216354  0.216727  0.216975  0.217099  0.217224  0.217348  0.217410  0.217472  0.217472  0.217596  0.217596  0.217596  0.217596  0.217596  0.217596
        948       0.026344  0.039157  0.058053  0.072678  0.095630  0.113001  0.132960  0.156011  0.171322  0.182002  0.194617  0.200648  0.203463  0.204874  0.205733  0.206348  0.206840  0.207270  0.207701  0.208378  0.209117  0.209734  0.210166  0.210351  0.210536  0.210598  0.210659  0.210783  0.210844  0.210906  0.210906  0.210906  0.210968  0.210968  0.210968  0.210968
        949       0.027371  0.040666  0.060228  0.075316  0.099102  0.117040  0.137654  0.161519  0.177274  0.188259  0.201260  0.207393  0.210227  0.211709  0.212575  0.213193  0.213688  0.214060  0.214432  0.215175  0.215920  0.216540  0.216913  0.217161  0.217286  0.217410  0.217534  0.217596  0.217659  0.217659  0.217721  0.217783  0.217783  0.217783  0.217783  0.217783
        950       0.025215  0.037494  0.055566  0.069618  0.091567  0.108254  0.127379  0.149487  0.164167  0.174413  0.186631  0.192433  0.195164  0.196502  0.197354  0.197963  0.198451  0.198939  0.199305  0.200038  0.200771  0.201321  0.201749  0.201933  0.202116  0.202177  0.202239  0.202361  0.202422  0.202422  0.202483  0.202483  0.202545  0.202545  0.202545  0.202545
        951       0.023371  0.034799  0.051574  0.064645  0.085122  0.100594  0.118371  0.138994  0.152685  0.162284  0.173758  0.179206  0.181882  0.183202  0.184003  0.184604  0.185125  0.185567  0.185928  0.186651  0.187334  0.187937  0.188340  0.188541  0.188702  0.188782  0.188903  0.188984  0.189024  0.189024  0.189105  0.189105  0.189145  0.189145  0.189145  0.189145
        952       0.026395  0.039209  0.058053  0.072678  0.095465  0.112777  0.132618  0.155543  0.170729  0.181222  0.193767  0.199732  0.202545  0.203954  0.204751  0.205365  0.205856  0.206286  0.206655  0.207393  0.208132  0.208686  0.209056  0.209302  0.209426  0.209549  0.209611  0.209672  0.209734  0.209796  0.209796  0.209857  0.209857  0.209857  0.209857  0.209857
        953       0.022655  0.033712  0.050031  0.062620  0.082404  0.097392  0.114513  0.134446  0.147688  0.156946  0.168005  0.173342  0.175902  0.177155  0.177991  0.178589  0.179067  0.179545  0.179904  0.180623  0.181342  0.181942  0.182302  0.182542  0.182662  0.182722  0.182842  0.182902  0.182962  0.182962  0.183022  0.183022  0.183082  0.183082  0.183082  0.183082
        954       0.021939  0.032678  0.048455  0.060706  0.079909  0.094421  0.111043  0.130337  0.143178  0.152219  0.163048  0.168182  0.170729  0.172035  0.172748  0.173401  0.173877  0.174294  0.174651  0.175366  0.176081  0.176678  0.177095  0.177274  0.177453  0.177513  0.177573  0.177692  0.177692  0.177752  0.177812  0.177812  0.177812  0.177812  0.177812  0.177812
        955       0.024293  0.036094  0.053454  0.066941  0.087957  0.103862  0.122055  0.143178  0.157122  0.166881  0.178529  0.184043  0.186691  0.188018  0.188863  0.189467  0.189951  0.190313  0.190676  0.191403  0.192129  0.192736  0.193099  0.193342  0.193463  0.193524  0.193585  0.193706  0.193706  0.193767  0.193827  0.193827  0.193827  0.193827  0.193827  0.193827
        956       0.021973  0.032730  0.048490  0.060741  0.079837  0.094274  0.110783  0.129995  0.142755  0.151715  0.162441  0.167591  0.170077  0.171342  0.172134  0.172728  0.173203  0.173639  0.173996  0.174711  0.175425  0.176021  0.176379  0.176618  0.176737  0.176857  0.176857  0.176976  0.176976  0.177095  0.177095  0.177095  0.177095  0.177135  0.177135  0.177135
        957       0.016485  0.024651  0.036768  0.046096  0.060759  0.071818  0.084524  0.099378  0.109313  0.116478  0.125166  0.129369  0.131533  0.132675  0.133474  0.134046  0.134503  0.134904  0.135304  0.135992  0.136679  0.137253  0.137597  0.137826  0.137941  0.138056  0.138171  0.138171  0.138286  0.138286  0.138400  0.138400  0.138400  0.138400  0.138400  0.138400
        958       0.016383  0.024498  0.036457  0.045782  0.060334  0.071228  0.083816  0.098495  0.108421  0.115467  0.124034  0.128231  0.130393  0.131533  0.132275  0.132846  0.133360  0.133760  0.134160  0.134847  0.135533  0.136106  0.136450  0.136679  0.136794  0.136909  0.136966  0.137023  0.137081  0.137138  0.137195  0.137195  0.137195  0.137253  0.137253  0.137253
        959       0.018011  0.026857  0.039885  0.049978  0.065766  0.077637  0.091293  0.107196  0.117827  0.125393  0.134560  0.138975  0.141218  0.142428  0.143178  0.143755  0.144217  0.144621  0.144968  0.145662  0.146356  0.146935  0.147341  0.147514  0.147688  0.147746  0.147862  0.147920  0.147978  0.147978  0.148036  0.148094  0.148094  0.148094  0.148094  0.148094
        960       0.018164  0.027063  0.040249  0.050452  0.066354  0.078340  0.092060  0.108086  0.118840  0.126414  0.135591  0.140067  0.142313  0.143466  0.144159  0.144737  0.145315  0.145662  0.146009  0.146703  0.147399  0.147978  0.148384  0.148558  0.148674  0.148790  0.148906  0.148906  0.149022  0.149022  0.149080  0.149138  0.149138  0.149138  0.149138  0.149138
        961       0.018724  0.027937  0.041499  0.051978  0.068332  0.080668  0.094750  0.111211  0.122224  0.129995  0.139377  0.143870  0.146125  0.147341  0.148094  0.148674  0.149138  0.149545  0.149893  0.150590  0.151288  0.151870  0.152219  0.152452  0.152569  0.152685  0.152743  0.152802  0.152860  0.152918  0.152918  0.152976  0.152976  0.152976  0.152976  0.152976
        962       0.017214  0.025694  0.038187  0.047826  0.062940  0.074293  0.087302  0.102513  0.112758  0.120023  0.128781  0.133074  0.135209  0.136354  0.137081  0.137616  0.138152  0.138534  0.138879  0.139569  0.140259  0.140834  0.141218  0.141410  0.141525  0.141640  0.141756  0.141756  0.141871  0.141871  0.141909  0.141909  0.141986  0.141986  0.141986  0.141986
        963       0.014454  0.021683  0.032265  0.040510  0.053454  0.063100  0.074185  0.087193  0.096015  0.102420  0.110094  0.113953  0.115916  0.117040  0.117714  0.118277  0.118784  0.119178  0.119572  0.120249  0.120925  0.121490  0.121829  0.122055  0.122168  0.122281  0.122337  0.122394  0.122450  0.122507  0.122507  0.122563  0.122563  0.122563  0.122563  0.122563
        964       0.014048  0.021019  0.031387  0.039417  0.051978  0.061290  0.072087  0.084741  0.093377  0.099544  0.107140  0.110876  0.112833  0.113897  0.114626  0.115186  0.115691  0.116028  0.116421  0.117096  0.117827  0.118389  0.118727  0.118952  0.119065  0.119178  0.119178  0.119290  0.119290  0.119403  0.119403  0.119403  0.119403  0.119403  0.119403  0.119403
        965       0.014403  0.021581  0.032162  0.040457  0.053243  0.062887  0.073916  0.086811  0.095575  0.101867  0.109592  0.113393  0.115355  0.116478  0.117152  0.117714  0.118164  0.118615  0.118952  0.119628  0.120305  0.120869  0.121208  0.121433  0.121546  0.121659  0.121716  0.121772  0.121829  0.121885  0.121885  0.121885  0.121942  0.121998  0.121998  0.121998
        966       0.013845  0.020713  0.030923  0.038845  0.051188  0.060440  0.071013  0.083490  0.091951  0.097999  0.105472  0.109201  0.111099  0.112161  0.112889  0.113449  0.113897  0.114345  0.114682  0.115355  0.116028  0.116590  0.116927  0.117152  0.117264  0.117377  0.117433  0.117489  0.117546  0.117602  0.117602  0.117658  0.117658  0.117658  0.117658  0.117658
        967       0.010606  0.016028  0.024037  0.030253  0.039989  0.047196  0.055566  0.065446  0.072302  0.077313  0.083545  0.086757  0.088449  0.089432  0.090144  0.090691  0.091184  0.091512  0.091951  0.092609  0.093267  0.093816  0.094201  0.094366  0.094476  0.094585  0.094640  0.094695  0.094805  0.094805  0.094860  0.094860  0.094915  0.094915  0.094915  0.094915
        968       0.006991  0.010690  0.016231  0.020611  0.027405  0.032351  0.038187  0.045241  0.050276  0.054104  0.059007  0.061627  0.063082  0.064041  0.064681  0.065214  0.065641  0.066069  0.066389  0.067102  0.067779  0.068315  0.068636  0.068850  0.068957  0.069064  0.069171  0.069171  0.069279  0.069279  0.069350  0.069386  0.069386  0.069386  0.069386  0.069386
        969       0.006119  0.009344  0.014353  0.018266  0.024344  0.028708  0.033919  0.040249  0.044840  0.048350  0.052926  0.055354  0.056729  0.057682  0.058318  0.058848  0.059272  0.059697  0.060069  0.060759  0.061397  0.061929  0.062354  0.062514  0.062674  0.062674  0.062780  0.062887  0.062887  0.062887  0.062993  0.062993  0.062993  0.062993  0.062993  0.062993
        970       0.006068  0.009243  0.014150  0.018062  0.024088  0.028451  0.033557  0.039885  0.044370  0.047878  0.052399  0.054826  0.056306  0.057153  0.057788  0.058318  0.058795  0.059166  0.059591  0.060228  0.060865  0.061450  0.061822  0.061982  0.062141  0.062195  0.062248  0.062354  0.062354  0.062407  0.062461  0.062461  0.062461  0.062461  0.062461  0.062461
        971       0.006270  0.009646  0.014708  0.018724  0.024959  0.029480  0.034747  0.041239  0.045887  0.049453  0.054087  0.056517  0.057947  0.058848  0.059538  0.060069  0.060493  0.060865  0.061237  0.061875  0.062567  0.063100  0.063472  0.063686  0.063792  0.063845  0.063952  0.064005  0.064059  0.064059  0.064112  0.064112  0.064165  0.064165  0.064165  0.064165
        972       0.006974  0.010606  0.016129  0.020458  0.027268  0.032162  0.037910  0.044945  0.049926  0.053665  0.058530  0.061131  0.062567  0.063472  0.064165  0.064699  0.065125  0.065499  0.065873  0.066567  0.067209  0.067744  0.068118  0.068279  0.068386  0.068493  0.068600  0.068600  0.068707  0.068707  0.068707  0.068761  0.068814  0.068814  0.068814  0.068814
        973       0.008133  0.012376  0.018724  0.023678  0.031387  0.037027  0.043638  0.051556  0.057153  0.061290  0.066621  0.069350  0.070905  0.071818  0.072517  0.073055  0.073485  0.073808  0.074239  0.074885  0.075532  0.076071  0.076395  0.076611  0.076719  0.076827  0.076881  0.076935  0.076989  0.077043  0.077043  0.077043  0.077097  0.077097  0.077097  0.077097
        974       0.009394  0.014251  0.021377  0.027012  0.035783  0.042229  0.049663  0.058636  0.064805  0.069404  0.075155  0.078124  0.079693  0.080668  0.081319  0.081861  0.082350  0.082675  0.083056  0.083708  0.084415  0.084959  0.085286  0.085503  0.085612  0.085612  0.085721  0.085830  0.085830  0.085830  0.085939  0.085939  0.085939  0.085939  0.085939  0.085939
        975       0.009848  0.014860  0.022348  0.028194  0.037235  0.043952  0.051767  0.061025  0.067423  0.072194  0.078070  0.081047  0.082675  0.083653  0.084306  0.084850  0.085286  0.085721  0.086048  0.086702  0.087357  0.087903  0.088230  0.088449  0.088558  0.088667  0.088722  0.088777  0.088831  0.088886  0.088886  0.088886  0.088941  0.088941  0.088941  0.088941
        976       0.008536  0.012933  0.019489  0.024651  0.032627  0.038533  0.045416  0.053612  0.059325  0.063632  0.069029  0.071818  0.073377  0.074346  0.074993  0.075532  0.075964  0.076287  0.076719  0.077367  0.078016  0.078556  0.078881  0.079097  0.079206  0.079260  0.079314  0.079422  0.079422  0.079422  0.079530  0.079530  0.079530  0.079530  0.079530  0.079530
        977       0.007058  0.010791  0.016367  0.020781  0.027611  0.032592  0.038429  0.045486  0.050522  0.054315  0.059184  0.061769  0.063153  0.064112  0.064752  0.065285  0.065713  0.066069  0.066460  0.067102  0.067744  0.068279  0.068600  0.068814  0.068921  0.069029  0.069064  0.069136  0.069171  0.069243  0.069243  0.069243  0.069279  0.069279  0.069279  0.069279
        978       0.007327  0.011162  0.016892  0.021428  0.028399  0.033557  0.039521  0.046777  0.051872  0.055777  0.060653  0.063313  0.064699  0.065659  0.066300  0.066834  0.067262  0.067637  0.068011  0.068654  0.069296  0.069833  0.070154  0.070369  0.070476  0.070530  0.070583  0.070691  0.070691  0.070744  0.070798  0.070798  0.070798  0.070798  0.070798  0.070798
        979       0.006370  0.009697  0.014809  0.018826  0.025061  0.029583  0.034902  0.041395  0.046044  0.049558  0.054192  0.056623  0.058000  0.058901  0.059538  0.060069  0.060493  0.060865  0.061237  0.061875  0.062514  0.063046  0.063366  0.063579  0.063686  0.063792  0.063845  0.063899  0.063952  0.064005  0.064005  0.064005  0.064059  0.064059  0.064059  0.064059
        980       0.004912  0.007629  0.011769  0.015012  0.020050  0.023678  0.027988  0.033350  0.037235  0.040301  0.044370  0.046568  0.047826  0.048718  0.049295  0.049821  0.050294  0.050662  0.050978  0.051662  0.052294  0.052821  0.053190  0.053348  0.053506  0.053559  0.053612  0.053665  0.053717  0.053770  0.053823  0.053823  0.053823  0.053823  0.053823  0.053823
        981       0.004862  0.007528  0.011668  0.014911  0.019897  0.023525  0.027782  0.033143  0.037027  0.040041  0.044056  0.046253  0.047563  0.048403  0.049033  0.049558  0.049978  0.050294  0.050715  0.051346  0.051978  0.052505  0.052821  0.053032  0.053137  0.053243  0.053243  0.053348  0.053348  0.053454  0.053454  0.053454  0.053454  0.053454  0.053454  0.053454
        982       0.005013  0.007730  0.011921  0.015266  0.020407  0.024088  0.028399  0.033867  0.037754  0.040874  0.044893  0.047144  0.048403  0.049243  0.049873  0.050399  0.050820  0.051241  0.051556  0.052188  0.052821  0.053348  0.053665  0.053876  0.053981  0.054087  0.054139  0.054192  0.054245  0.054298  0.054298  0.054298  0.054351  0.054403  0.054403  0.054403
        983       0.004008  0.006270  0.009798  0.012528  0.016892  0.019948  0.023576  0.028194  0.031594  0.034333  0.038013  0.040041  0.041291  0.042125  0.042699  0.043221  0.043638  0.044004  0.044370  0.044997  0.045678  0.046201  0.046515  0.046725  0.046830  0.046882  0.046934  0.047039  0.047039  0.047092  0.047144  0.047144  0.047144  0.047196  0.047196  0.047196
        984       0.003255  0.005113  0.008133  0.010505  0.014150  0.016739  0.019897  0.023883  0.026909  0.029377  0.032781  0.034695  0.035834  0.036664  0.037235  0.037754  0.038169  0.038533  0.038897  0.039521  0.040197  0.040718  0.041030  0.041239  0.041343  0.041447  0.041499  0.041551  0.041604  0.041656  0.041656  0.041708  0.041708  0.041708  0.041708  0.041708
        985       0.002704  0.004309  0.006924  0.008990  0.012224  0.014454  0.017146  0.020713  0.023473  0.025779  0.028965  0.030717  0.031904  0.032678  0.033298  0.033764  0.034229  0.034591  0.034954  0.035575  0.036197  0.036716  0.037027  0.037235  0.037338  0.037442  0.037494  0.037546  0.037650  0.037650  0.037702  0.037702  0.037754  0.037754  0.037754  0.037754
        986       0.002102  0.003506  0.005716  0.007528  0.010353  0.012224  0.014505  0.017655  0.020152  0.022246  0.025215  0.026909  0.027988  0.028760  0.029377  0.029892  0.030305  0.030665  0.031026  0.031645  0.032265  0.032781  0.033143  0.033298  0.033453  0.033505  0.033608  0.033660  0.033712  0.033712  0.033764  0.033815  0.033815  0.033815  0.033815  0.033815
        987       0.001952  0.003205  0.005314  0.007025  0.009697  0.011465  0.013643  0.016638  0.019030  0.021070  0.023934  0.025677  0.026703  0.027525  0.028091  0.028554  0.029017  0.029377  0.029686  0.030356  0.030975  0.031542  0.031852  0.032058  0.032162  0.032213  0.032317  0.032368  0.032420  0.032472  0.032472  0.032523  0.032523  0.032523  0.032523  0.032523
        988       0.001902  0.003105  0.005163  0.006874  0.009394  0.011112  0.013288  0.016180  0.018520  0.020509  0.023371  0.025113  0.026139  0.026857  0.027474  0.027988  0.028399  0.028811  0.029120  0.029738  0.030356  0.030872  0.031284  0.031387  0.031594  0.031594  0.031697  0.031800  0.031800  0.031800  0.031904  0.031904  0.031904  0.031904  0.031904  0.031904
        989       0.001802  0.003055  0.005063  0.006723  0.009243  0.010909  0.013035  0.015825  0.018164  0.020152  0.022962  0.024651  0.025677  0.026498  0.027063  0.027525  0.027937  0.028348  0.028657  0.029274  0.029944  0.030459  0.030820  0.030975  0.031130  0.031181  0.031284  0.031336  0.031387  0.031439  0.031439  0.031491  0.031491  0.031491  0.031491  0.031491
        990       0.001752  0.002904  0.004862  0.006471  0.008889  0.010505  0.012579  0.015317  0.017604  0.019540  0.022348  0.023985  0.025010  0.025779  0.026344  0.026857  0.027268  0.027628  0.027988  0.028605  0.029223  0.029789  0.030150  0.030305  0.030459  0.030562  0.030614  0.030665  0.030769  0.030769  0.030769  0.030872  0.030872  0.030872  0.030872  0.030872
        991       0.001501  0.002603  0.004460  0.005968  0.008234  0.009798  0.011617  0.014251  0.016434  0.018317  0.021019  0.022655  0.023678  0.024446  0.025010  0.025523  0.025933  0.026293  0.026652  0.027268  0.027885  0.028399  0.028811  0.029017  0.029120  0.029223  0.029326  0.029377  0.029429  0.029429  0.029532  0.029532  0.029532  0.029532  0.029532  0.029532
        992       0.001501  0.002503  0.004309  0.005817  0.008032  0.009495  0.011364  0.013947  0.016079  0.017909  0.020611  0.022194  0.023217  0.023985  0.024549  0.025061  0.025472  0.025831  0.026190  0.026806  0.027423  0.027937  0.028297  0.028502  0.028657  0.028708  0.028760  0.028863  0.028914  0.028965  0.028965  0.029017  0.029068  0.029068  0.029068  0.029068
        993       0.001401  0.002403  0.004159  0.005565  0.007730  0.009192  0.010960  0.013440  0.015571  0.017350  0.019999  0.021581  0.022655  0.023371  0.023934  0.024446  0.024856  0.025215  0.025523  0.026190  0.026806  0.027320  0.027680  0.027834  0.027988  0.028039  0.028142  0.028245  0.028245  0.028297  0.028348  0.028348  0.028399  0.028399  0.028399  0.028399
        994       0.001201  0.002152  0.003757  0.005063  0.007075  0.008385  0.010000  0.012376  0.014403  0.016129  0.018724  0.020254  0.021275  0.022041  0.022604  0.023115  0.023525  0.023832  0.024190  0.024805  0.025472  0.025985  0.026293  0.026498  0.026601  0.026703  0.026806  0.026857  0.026909  0.026909  0.027012  0.027012  0.027012  0.027012  0.027012  0.027012
        995       0.001101  0.002002  0.003506  0.004761  0.006723  0.007931  0.009495  0.011769  0.013744  0.015469  0.017960  0.019489  0.020509  0.021224  0.021786  0.022297  0.022706  0.023064  0.023371  0.023985  0.024651  0.025164  0.025523  0.025677  0.025831  0.025882  0.025933  0.026036  0.026087  0.026139  0.026139  0.026190  0.026190  0.026190  0.026190  0.026190
        996       0.001101  0.002002  0.003506  0.004761  0.006723  0.007982  0.009495  0.011820  0.013744  0.015469  0.018011  0.019540  0.020509  0.021275  0.021837  0.022297  0.022706  0.023064  0.023422  0.024037  0.024651  0.025164  0.025472  0.025677  0.025779  0.025882  0.025985  0.025985  0.026087  0.026087  0.026139  0.026190  0.026190  0.026190  0.026190  0.026190
        997       0.001201  0.002152  0.003707  0.005063  0.007075  0.008385  0.010000  0.012326  0.014302  0.016079  0.018622  0.020152  0.021173  0.021888  0.022450  0.022962  0.023371  0.023678  0.024037  0.024600  0.025267  0.025779  0.026087  0.026293  0.026395  0.026447  0.026549  0.026601  0.026652  0.026703  0.026755  0.026755  0.026755  0.026755  0.026755  0.026755
        998       0.001301  0.002303  0.003958  0.005364  0.007428  0.008789  0.010505  0.012984  0.015012  0.016739  0.019387  0.020917  0.021939  0.022655  0.023217  0.023678  0.024088  0.024446  0.024805  0.025369  0.026036  0.026498  0.026857  0.027012  0.027166  0.027166  0.027268  0.027371  0.027371  0.027423  0.027474  0.027474  0.027474  0.027474  0.027474  0.027474
        999       0.001301  0.002303  0.004008  0.005415  0.007528  0.008839  0.010657  0.013085  0.015114  0.016841  0.019489  0.021019  0.022041  0.022757  0.023320  0.023781  0.024190  0.024600  0.024908  0.025523  0.026139  0.026601  0.026960  0.027114  0.027217  0.027268  0.027371  0.027423  0.027474  0.027474  0.027577  0.027577  0.027577  0.027577  0.027577  0.027577
